{
	"textures": {
		"1": "cgm:item/bazooka",
		"particle": "cgm:item/bazooka"
	},
	"display": {
		"thirdperson_righthand": {
			"translation": [0, 6.5, 1.75],
			"scale": [1.1, 1.1, 1.1]
		},
		"firstperson_righthand": {
			"translation": [-3.5, 8.5, 5.75],
			"scale": [0.8, 0.8, 0.8]
		},
		"ground": {
			"translation": [0, 5, -0.25]
		},
		"gui": {
			"rotation": [30, 225, 0],
			"translation": [-0.25, 2.5, 0],
			"scale": [0.9, 0.9, 0.9]
		},
		"fixed": {
			"rotation": [0, 90, 0],
			"translation": [-0.5, 9.25, -2],
			"scale": [2, 2, 2]
		}
	}
}