{
	"credit": "Made with Blockbench",
	"textures": {
		"0": "skguns:item/skguns/launcher1",
		"particle": "skguns:item/skguns/launcher1"
	},
	"elements": [
		{
			"from": [7.25, 4.25, -3.5],
			"to": [8.75, 5.25, 0.5],
			"rotation": {"angle": 22.5, "axis": "x", "origin": [8, 4.75, -1.5]},
			"faces": {
				"north": {"uv": [2, 0, 3, 1.5], "rotation": 90, "texture": "#0"},
				"east": {"uv": [2, 0, 3, 4], "rotation": 270, "texture": "#0"},
				"south": {"uv": [2, 0, 3, 1.5], "rotation": 270, "texture": "#0"},
				"west": {"uv": [2, 0, 3, 4], "rotation": 270, "texture": "#0"},
				"up": {"uv": [2, 0, 6, 1.5], "rotation": 270, "texture": "#0"},
				"down": {"uv": [2, 0, 6, 1.5], "rotation": 270, "texture": "#0"}
			}
		},
		{
			"from": [7.25, 4.25, -6.5],
			"to": [8.75, 5.25, -2.5],
			"rotation": {"angle": -22.5, "axis": "x", "origin": [8, 4.75, -4.5]},
			"faces": {
				"north": {"uv": [2, 0, 3, 1.5], "rotation": 90, "texture": "#0"},
				"east": {"uv": [2, 0, 3, 4], "rotation": 270, "texture": "#0"},
				"south": {"uv": [2, 0, 3, 1.5], "rotation": 270, "texture": "#0"},
				"west": {"uv": [2, 0, 3, 4], "rotation": 270, "texture": "#0"},
				"up": {"uv": [2, 0, 6, 1.5], "rotation": 270, "texture": "#0"},
				"down": {"uv": [2, 0, 6, 1.5], "rotation": 270, "texture": "#0"}
			}
		},
		{
			"from": [8.25, 3.25, -6.5],
			"to": [9.25, 4.75, -2.5],
			"rotation": {"angle": 22.5, "axis": "y", "origin": [8.75, 4, -4.5]},
			"faces": {
				"north": {"uv": [2, 0, 3, 1.5], "texture": "#0"},
				"east": {"uv": [2, 0, 6, 1.5], "texture": "#0"},
				"south": {"uv": [2, 0, 3, 1.5], "texture": "#0"},
				"west": {"uv": [2, 0, 6, 1.5], "texture": "#0"},
				"up": {"uv": [2, 0, 3, 4], "texture": "#0"},
				"down": {"uv": [2, 0, 3, 4], "texture": "#0"}
			}
		},
		{
			"from": [6.75, 3.25, -6.5],
			"to": [7.75, 4.75, -2.5],
			"rotation": {"angle": -22.5, "axis": "y", "origin": [7.25, 4, -4.5]},
			"faces": {
				"north": {"uv": [2, 0, 3, 1.5], "texture": "#0"},
				"east": {"uv": [2, 0, 6, 1.5], "texture": "#0"},
				"south": {"uv": [2, 0, 3, 1.5], "texture": "#0"},
				"west": {"uv": [2, 0, 6, 1.5], "texture": "#0"},
				"up": {"uv": [2, 0, 3, 4], "texture": "#0"},
				"down": {"uv": [2, 0, 3, 4], "texture": "#0"}
			}
		},
		{
			"from": [8.25, 3.25, -3.5],
			"to": [9.25, 4.75, 0.5],
			"rotation": {"angle": -22.5, "axis": "y", "origin": [8.75, 4, -1.5]},
			"faces": {
				"north": {"uv": [2, 0, 3, 1.5], "texture": "#0"},
				"east": {"uv": [2, 0, 6, 1.5], "texture": "#0"},
				"south": {"uv": [2, 0, 3, 1.5], "texture": "#0"},
				"west": {"uv": [2, 0, 6, 1.5], "texture": "#0"},
				"up": {"uv": [2, 0, 3, 4], "texture": "#0"},
				"down": {"uv": [2, 0, 3, 4], "texture": "#0"}
			}
		},
		{
			"from": [7.25, 2.75, -3.5],
			"to": [8.75, 3.75, 0.5],
			"rotation": {"angle": -22.5, "axis": "x", "origin": [7, 4.25, -1.5]},
			"faces": {
				"north": {"uv": [2, 0, 3, 1.5], "rotation": 90, "texture": "#0"},
				"east": {"uv": [2, 0, 3, 4], "rotation": 270, "texture": "#0"},
				"south": {"uv": [2, 0, 3, 1.5], "rotation": 270, "texture": "#0"},
				"west": {"uv": [2, 0, 3, 4], "rotation": 270, "texture": "#0"},
				"up": {"uv": [2, 0, 6, 1.5], "rotation": 270, "texture": "#0"},
				"down": {"uv": [2, 0, 6, 1.5], "rotation": 270, "texture": "#0"}
			}
		},
		{
			"from": [6.75, 3.25, -3.5],
			"to": [7.75, 4.75, 0.5],
			"rotation": {"angle": 22.5, "axis": "y", "origin": [7.25, 4, -1.5]},
			"faces": {
				"north": {"uv": [2, 0, 3, 1.5], "texture": "#0"},
				"east": {"uv": [2, 0, 6, 1.5], "texture": "#0"},
				"south": {"uv": [2, 0, 3, 1.5], "texture": "#0"},
				"west": {"uv": [2, 0, 6, 1.5], "texture": "#0"},
				"up": {"uv": [2, 0, 3, 4], "texture": "#0"},
				"down": {"uv": [2, 0, 3, 4], "texture": "#0"}
			}
		},
		{
			"from": [7.25, 2.82612, -6.61732],
			"to": [8.75, 3.82612, -2.61732],
			"rotation": {"angle": 22.5, "axis": "x", "origin": [8, 3.32612, -4.61732]},
			"faces": {
				"north": {"uv": [2, 0, 3, 1.5], "rotation": 90, "texture": "#0"},
				"east": {"uv": [2, 0, 3, 4], "rotation": 270, "texture": "#0"},
				"south": {"uv": [2, 0, 3, 1.5], "rotation": 270, "texture": "#0"},
				"west": {"uv": [2, 0, 3, 4], "rotation": 270, "texture": "#0"},
				"up": {"uv": [2, 0, 6, 1.5], "rotation": 270, "texture": "#0"},
				"down": {"uv": [2, 0, 6, 1.5], "rotation": 270, "texture": "#0"}
			}
		},
		{
			"from": [7.15, 3.15, 0],
			"to": [8.85, 4.85, 7],
			"faces": {
				"north": {"uv": [0, 0, 1.7, 0.7], "texture": "#0"},
				"east": {"uv": [0, 0, 1.7, 7], "rotation": 90, "texture": "#0"},
				"south": {"uv": [0, 0, 1.7, 0.7], "texture": "#0"},
				"west": {"uv": [0, 0, 1.7, 7], "rotation": 90, "texture": "#0"},
				"up": {"uv": [0, 0, 1.7, 7], "texture": "#0"},
				"down": {"uv": [0, 0, 1.7, 7], "texture": "#0"}
			}
		},
		{
			"from": [7, 3, 7],
			"to": [9, 5, 12],
			"faces": {
				"north": {"uv": [0, 1, 2, 3], "texture": "#0"},
				"east": {"uv": [0, 1, 2, 6], "rotation": 90, "texture": "#0"},
				"south": {"uv": [0, 1, 2, 3], "texture": "#0"},
				"west": {"uv": [0, 1, 2, 6], "rotation": 90, "texture": "#0"},
				"up": {"uv": [0, 1, 2, 6], "texture": "#0"},
				"down": {"uv": [0, 1, 2, 6], "texture": "#0"}
			}
		},
		{
			"from": [7.5, -1, 10],
			"to": [8.5, 3, 12],
			"rotation": {"angle": 0, "axis": "y", "origin": [7.5, 0, 11]},
			"faces": {
				"north": {"uv": [7, 0, 11, 1], "rotation": 90, "texture": "#0"},
				"east": {"uv": [8, 0, 12, 2], "rotation": 90, "texture": "#0"},
				"south": {"uv": [10, 2, 14, 3], "rotation": 90, "texture": "#0"},
				"west": {"uv": [7, 1, 11, 3], "rotation": 90, "texture": "#0"},
				"up": {"uv": [7, 0, 8, 2], "texture": "#0"},
				"down": {"uv": [7, 0, 8, 2], "texture": "#0"}
			}
		},
		{
			"from": [7.5, -2.5, 3.85],
			"to": [8.5, 1.5, 5.85],
			"rotation": {"angle": 0, "axis": "y", "origin": [7.5, -1.5, 4.85]},
			"faces": {
				"north": {"uv": [12, 0, 16, 1], "rotation": 90, "texture": "#0"},
				"east": {"uv": [7, 1, 11, 3], "rotation": 90, "texture": "#0"},
				"south": {"uv": [8, 0, 12, 1], "rotation": 90, "texture": "#0"},
				"west": {"uv": [7, 0, 11, 2], "rotation": 90, "texture": "#0"},
				"up": {"uv": [7, 0, 8, 2], "texture": "#0"},
				"down": {"uv": [7, 0, 8, 2], "texture": "#0"}
			}
		},
		{
			"from": [7.5, 1.5, 2],
			"to": [8.5, 3.25, 6],
			"rotation": {"angle": 0, "axis": "y", "origin": [7.5, 1.5, 5]},
			"faces": {
				"north": {"uv": [15, 7, 16, 8.75], "texture": "#0"},
				"east": {"uv": [16, 7, 5, 16], "texture": "#0"},
				"south": {"uv": [15, 7, 16, 8.75], "texture": "#0"},
				"west": {"uv": [5, 7, 16, 16], "texture": "#0"},
				"up": {"uv": [15, 7, 16, 11], "texture": "#0"},
				"down": {"uv": [15, 7, 16, 11], "texture": "#0"}
			}
		},
		{
			"from": [8.5, 2.875, 3.825],
			"to": [7.5, 1.675, 2.35],
			"rotation": {"angle": 0, "axis": "y", "origin": [7.5, 1.5, 4]},
			"faces": {
				"north": {"uv": [4, 12, 5, 13.75], "texture": "#0"},
				"east": {"uv": [10, 9, 6, 15], "texture": "#0"},
				"south": {"uv": [4, 12, 5, 13.75], "texture": "#0"},
				"west": {"uv": [6, 9, 10, 15], "texture": "#0"},
				"up": {"uv": [4, 12, 5, 16], "texture": "#0"},
				"down": {"uv": [4, 12, 5, 16], "texture": "#0"}
			}
		},
		{
			"from": [6.75, 2.75, 12],
			"to": [9.25, 5.25, 21],
			"rotation": {"angle": 0, "axis": "y", "origin": [0, 0, 5.9]},
			"faces": {
				"north": {"uv": [7, 0, 9.5, 2.5], "texture": "#0"},
				"east": {"uv": [7, 0, 16, 2.5], "texture": "#0"},
				"south": {"uv": [7, 0, 9.5, 2.5], "rotation": 90, "texture": "#0"},
				"west": {"uv": [7, 0, 16, 2.5], "texture": "#0"},
				"up": {"uv": [16, 0, 7, 2.5], "rotation": 90, "texture": "#0"},
				"down": {"uv": [16, 0, 7, 2.5], "rotation": 90, "texture": "#0"}
			}
		},
		{
			"from": [7, 3, 21],
			"to": [9, 5, 27],
			"rotation": {"angle": 0, "axis": "y", "origin": [0, 0, 22]},
			"faces": {
				"north": {"uv": [14, 0, 16, 2], "texture": "#0"},
				"east": {"uv": [16, 0, 10, 2], "texture": "#0"},
				"south": {"uv": [14, 0, 16, 2], "texture": "#0"},
				"west": {"uv": [10, 0, 16, 2], "texture": "#0"},
				"up": {"uv": [16, 2, 10, 0], "rotation": 90, "texture": "#0"},
				"down": {"uv": [10, 0, 16, 2], "rotation": 90, "texture": "#0"}
			}
		},
		{
			"from": [6.15, 2.15, 27],
			"to": [9.85, 5.85, 28],
			"rotation": {"angle": 0, "axis": "y", "origin": [0, 0, 26]},
			"faces": {
				"north": {"uv": [12, 3, 16, 7], "texture": "#0"},
				"east": {"uv": [12, 3.3, 13, 7], "texture": "#0"},
				"south": {"uv": [12, 3, 16, 7], "texture": "#0"},
				"west": {"uv": [12, 3.3, 13, 7], "texture": "#0"},
				"up": {"uv": [12.3, 3, 16, 4], "texture": "#0"},
				"down": {"uv": [12.3, 3, 16, 4], "texture": "#0"}
			}
		}
	],
	"display": {
		"thirdperson_righthand": {
			"translation": [0, 3.5, 3],
			"scale": [0.75, 0.75, 0.75]
		},
		"thirdperson_lefthand": {
			"translation": [0, 3.5, 3],
			"scale": [0.75, 0.75, 0.75]
		},
		"firstperson_righthand": {
			"translation": [0, 8, 3]
		},
		"firstperson_lefthand": {
			"translation": [0, 7, 3]
		},
		"ground": {
			"rotation": [45, 0, 0],
			"translation": [0, 8, 1.5]
		},
		"gui": {
			"rotation": [90, -60, 90],
			"translation": [1.5, 5.5, 0]
		},
		"fixed": {
			"rotation": [90, 45, -90],
			"translation": [1.75, 5, 0]
		}
	},
	"groups": [
		{
			"name": "group",
			"origin": [8, 3.32612, -4.61732],
			"color": 0,
			"children": [0, 1, 2, 3, 4, 5, 6, 7]
		},
		{
			"name": "group",
			"origin": [0, 0, 0],
			"color": 0,
			"children": [8, 9, 10, 11, 12, 13]
		},
		{
			"name": "group",
			"origin": [0, 0, 26],
			"color": 0,
			"children": [14, 15, 16]
		}
	]
}