{
	"credit": "Made with Blockbench",
	"textures": {
		"0": "skguns:item/skguns/launcher2",
		"particle": "skguns:item/skguns/launcher2"
	},
	"elements": [
		{
			"from": [7, 2.5, 0.5],
			"to": [9, 4.5, 6],
			"rotation": {"angle": 0, "axis": "z", "origin": [8, 3.5, 3.25]},
			"faces": {
				"north": {"uv": [10.5, 0, 12.5, 2], "texture": "#0"},
				"east": {"uv": [10.5, 0, 16, 2], "texture": "#0"},
				"south": {"uv": [10.5, 0, 12.5, 2], "texture": "#0"},
				"west": {"uv": [10.5, 0, 16, 2], "texture": "#0"},
				"up": {"uv": [10.5, 0, 12.5, 5.5], "texture": "#0"},
				"down": {"uv": [10.5, 0, 12.5, 5.5], "texture": "#0"}
			}
		},
		{
			"from": [7.25, 0.25, 12],
			"to": [8.75, 2, 16.5],
			"rotation": {"angle": 45, "axis": "x", "origin": [8, 3, 14.25]},
			"faces": {
				"north": {"uv": [0, 11.5, 1.5, 13.25], "texture": "#0"},
				"east": {"uv": [0, 11.5, 4.5, 13.25], "texture": "#0"},
				"south": {"uv": [0, 11.5, 1.5, 13.25], "texture": "#0"},
				"west": {"uv": [0, 11.5, 4.5, 13.25], "texture": "#0"},
				"up": {"uv": [0, 11.5, 1.5, 16], "texture": "#0"},
				"down": {"uv": [0, 11.5, 1.5, 16], "texture": "#0"}
			}
		},
		{
			"from": [7.25, -0.25, 13.75],
			"to": [8.75, 1.5, 18.25],
			"rotation": {"angle": 0, "axis": "x", "origin": [8, 3, 14.25]},
			"faces": {
				"north": {"uv": [0, 11.5, 1.5, 13.25], "texture": "#0"},
				"east": {"uv": [0, 11.5, 4.5, 13.25], "texture": "#0"},
				"south": {"uv": [0, 11.5, 1.5, 13.25], "texture": "#0"},
				"west": {"uv": [0, 11.5, 4.5, 13.25], "texture": "#0"},
				"up": {"uv": [0, 11.5, 1.5, 16], "texture": "#0"},
				"down": {"uv": [0, 11.5, 1.5, 16], "texture": "#0"}
			}
		},
		{
			"from": [7.25, 0.1, 12.85],
			"to": [8.75, 1.35, 17.35],
			"rotation": {"angle": -22.5, "axis": "x", "origin": [8, 3, 14.25]},
			"faces": {
				"north": {"uv": [0, 11.5, 1.5, 12.75], "texture": "#0"},
				"east": {"uv": [0, 11.5, 4.5, 12.75], "texture": "#0"},
				"south": {"uv": [0, 11.5, 1.5, 12.75], "texture": "#0"},
				"west": {"uv": [0, 11.5, 4.5, 12.75], "texture": "#0"},
				"up": {"uv": [0, 11.5, 1.5, 16], "texture": "#0"},
				"down": {"uv": [0, 11.5, 1.5, 16], "texture": "#0"}
			}
		},
		{
			"from": [6.5, 1.25, 11],
			"to": [9.5, 4.25, 12],
			"rotation": {"angle": 0, "axis": "y", "origin": [8, 3, 3.25]},
			"faces": {
				"north": {"uv": [3, 0, 6, 3], "texture": "#0"},
				"east": {"uv": [3, 0, 4, 3], "texture": "#0"},
				"south": {"uv": [3, 0, 6, 3], "texture": "#0"},
				"west": {"uv": [3, 0, 4, 3], "texture": "#0"},
				"up": {"uv": [3, 0, 6, 1], "texture": "#0"},
				"down": {"uv": [3, 0, 6, 1], "texture": "#0"}
			}
		},
		{
			"from": [6.75, 1.5, 2.5],
			"to": [9.25, 3.5, 6],
			"rotation": {"angle": 0, "axis": "y", "origin": [8, 3.5, 3.25]},
			"faces": {
				"north": {"uv": [0, 12.5, 2.5, 14.5], "texture": "#0"},
				"east": {"uv": [0, 12.5, 3.5, 14.5], "texture": "#0"},
				"south": {"uv": [0, 12.5, 2.5, 14.5], "texture": "#0"},
				"west": {"uv": [0, 12.5, 3.5, 14.5], "texture": "#0"},
				"up": {"uv": [0, 12.5, 2.5, 16], "texture": "#0"},
				"down": {"uv": [0, 12.5, 2.5, 16], "texture": "#0"}
			}
		},
		{
			"from": [7.25, 4.5, 2.25],
			"to": [8.75, 7.5, 2.75],
			"rotation": {"angle": 0, "axis": "x", "origin": [8, 6.5, 2.5]},
			"faces": {
				"north": {"uv": [3, 6, 7, 11], "rotation": 180, "texture": "#0"},
				"east": {"uv": [3, 6, 6, 6.5], "rotation": 270, "texture": "#0"},
				"south": {"uv": [3, 6, 7, 11], "texture": "#0"},
				"west": {"uv": [3, 6, 6, 6.5], "rotation": 90, "texture": "#0"},
				"up": {"uv": [3, 6, 4.5, 6.5], "rotation": 180, "texture": "#0"},
				"down": {"uv": [3, 6, 4.5, 6.5], "texture": "#0"}
			}
		},
		{
			"from": [7.5, 5, 6.25],
			"to": [8.5, 5.5, 10.75],
			"faces": {
				"north": {"uv": [3, 0, 4, 0.5], "texture": "#0"},
				"east": {"uv": [3, 0, 8, 0.5], "texture": "#0"},
				"south": {"uv": [3, 0, 4, 0.5], "texture": "#0"},
				"west": {"uv": [3, 0, 8, 0.5], "texture": "#0"},
				"up": {"uv": [3, 0, 4, 5], "texture": "#0"},
				"down": {"uv": [3, 0, 4, 5], "texture": "#0"}
			}
		},
		{
			"from": [7.5, -1.5, 6.25],
			"to": [8.5, -1, 10.75],
			"faces": {
				"north": {"uv": [3, 0, 4, 0.5], "texture": "#0"},
				"east": {"uv": [3, 0, 8, 0.5], "texture": "#0"},
				"south": {"uv": [3, 0, 4, 0.5], "texture": "#0"},
				"west": {"uv": [3, 0, 8, 0.5], "texture": "#0"},
				"up": {"uv": [3, 0, 4, 5], "texture": "#0"},
				"down": {"uv": [3, 0, 4, 5], "texture": "#0"}
			}
		},
		{
			"from": [4.75, 0.75, 6],
			"to": [11.25, 3.25, 7],
			"rotation": {"angle": 0, "axis": "z", "origin": [8, 2, 6.5]},
			"faces": {
				"north": {"uv": [0, 0, 2.5, 6.5], "rotation": 270, "texture": "#0"},
				"east": {"uv": [0, 0, 2.5, 1], "rotation": 90, "texture": "#0"},
				"south": {"uv": [0, 0, 2.5, 6.5], "rotation": 90, "texture": "#0"},
				"west": {"uv": [0, 0, 2.5, 1], "rotation": 90, "texture": "#0"},
				"up": {"uv": [0, 0, 1, 6.5], "rotation": 90, "texture": "#0"},
				"down": {"uv": [0, 0, 1, 6.5], "rotation": 90, "texture": "#0"}
			}
		},
		{
			"from": [8.75, -0.5, 6],
			"to": [11.25, 6.15, 7],
			"rotation": {"angle": 45, "axis": "z", "origin": [10, 0, 6.5]},
			"faces": {
				"north": {"uv": [0, 0, 2.5, 6.65], "texture": "#0"},
				"east": {"uv": [0, 0, 1, 6.65], "texture": "#0"},
				"south": {"uv": [0, 0, 2.5, 6.65], "texture": "#0"},
				"west": {"uv": [0, 0, 1, 6.65], "texture": "#0"},
				"up": {"uv": [0, 0, 2.5, 1], "texture": "#0"},
				"down": {"uv": [0, 0, 2.5, 1], "texture": "#0"}
			}
		},
		{
			"from": [4.75, -0.5, 6],
			"to": [7.25, 6.15, 7],
			"rotation": {"angle": -45, "axis": "z", "origin": [6, 0, 6.5]},
			"faces": {
				"north": {"uv": [0, 0, 2.5, 6.65], "texture": "#0"},
				"east": {"uv": [0, 0, 1, 6.65], "texture": "#0"},
				"south": {"uv": [0, 0, 2.5, 6.65], "texture": "#0"},
				"west": {"uv": [0, 0, 1, 6.65], "texture": "#0"},
				"up": {"uv": [0, 0, 2.5, 1], "texture": "#0"},
				"down": {"uv": [0, 0, 2.5, 1], "texture": "#0"}
			}
		},
		{
			"from": [6.75, -1.25, 6],
			"to": [9.25, 5.25, 7],
			"faces": {
				"north": {"uv": [0, 0, 2.5, 6.5], "texture": "#0"},
				"east": {"uv": [0, 0, 1, 6.5], "texture": "#0"},
				"south": {"uv": [0, 0, 2.5, 6.5], "texture": "#0"},
				"west": {"uv": [0, 0, 1, 6.5], "texture": "#0"},
				"up": {"uv": [0, 0, 2.5, 1], "texture": "#0"},
				"down": {"uv": [0, 0, 2.5, 1], "texture": "#0"}
			}
		},
		{
			"from": [4.75, 0.75, 10],
			"to": [11.25, 3.25, 11],
			"rotation": {"angle": 0, "axis": "y", "origin": [8, 2, 10.5]},
			"faces": {
				"north": {"uv": [0, 0, 2.5, 6.5], "rotation": 270, "texture": "#0"},
				"east": {"uv": [0, 0, 2.5, 1], "rotation": 90, "texture": "#0"},
				"south": {"uv": [0, 0, 2.5, 6.5], "rotation": 90, "texture": "#0"},
				"west": {"uv": [0, 0, 2.5, 1], "rotation": 90, "texture": "#0"},
				"up": {"uv": [0, 0, 1, 6.5], "rotation": 90, "texture": "#0"},
				"down": {"uv": [0, 0, 1, 6.5], "rotation": 90, "texture": "#0"}
			}
		},
		{
			"from": [8.75, -0.5, 10],
			"to": [11.25, 6.15, 11],
			"rotation": {"angle": 45, "axis": "z", "origin": [10, 0, 10.5]},
			"faces": {
				"north": {"uv": [0, 0, 2.5, 6.65], "texture": "#0"},
				"east": {"uv": [0, 0, 1, 6.65], "texture": "#0"},
				"south": {"uv": [0, 0, 2.5, 6.65], "texture": "#0"},
				"west": {"uv": [0, 0, 1, 6.65], "texture": "#0"},
				"up": {"uv": [0, 0, 2.5, 1], "texture": "#0"},
				"down": {"uv": [0, 0, 2.5, 1], "texture": "#0"}
			}
		},
		{
			"from": [4.75, -0.5, 10],
			"to": [7.25, 6.15, 11],
			"rotation": {"angle": -45, "axis": "z", "origin": [6, 0, 10.5]},
			"faces": {
				"north": {"uv": [0, 0, 2.5, 6.65], "texture": "#0"},
				"east": {"uv": [0, 0, 1, 6.65], "texture": "#0"},
				"south": {"uv": [0, 0, 2.5, 6.65], "texture": "#0"},
				"west": {"uv": [0, 0, 1, 6.65], "texture": "#0"},
				"up": {"uv": [0, 0, 2.5, 1], "texture": "#0"},
				"down": {"uv": [0, 0, 2.5, 1], "texture": "#0"}
			}
		},
		{
			"from": [6.75, -1.25, 10],
			"to": [9.25, 5.25, 11],
			"rotation": {"angle": 0, "axis": "y", "origin": [0, 0, 4]},
			"faces": {
				"north": {"uv": [0, 0, 2.5, 6.5], "texture": "#0"},
				"east": {"uv": [0, 0, 1, 6.5], "texture": "#0"},
				"south": {"uv": [0, 0, 2.5, 6.5], "texture": "#0"},
				"west": {"uv": [0, 0, 1, 6.5], "texture": "#0"},
				"up": {"uv": [0, 0, 2.5, 1], "texture": "#0"},
				"down": {"uv": [0, 0, 2.5, 1], "texture": "#0"}
			}
		},
		{
			"from": [5.25, 0.75, 7],
			"to": [10.75, 3.25, 10],
			"rotation": {"angle": 0, "axis": "y", "origin": [8, 2, 8.5]},
			"faces": {
				"north": {"uv": [13, 0, 15.5, 5.5], "rotation": 270, "texture": "#0"},
				"east": {"uv": [13, 0, 15.5, 3], "rotation": 90, "texture": "#0"},
				"south": {"uv": [13, 0, 15.5, 5.5], "rotation": 90, "texture": "#0"},
				"west": {"uv": [13, 0, 15.5, 3], "rotation": 90, "texture": "#0"},
				"up": {"uv": [13, 0, 16, 5.5], "rotation": 90, "texture": "#0"},
				"down": {"uv": [13, 0, 16, 5.5], "rotation": 90, "texture": "#0"}
			}
		},
		{
			"from": [8.75, 0, 7],
			"to": [11.25, 5.65, 10],
			"rotation": {"angle": 45, "axis": "z", "origin": [10, 0, 8.5]},
			"faces": {
				"north": {"uv": [13, 0, 15.5, 5.65], "texture": "#0"},
				"east": {"uv": [13, 0, 16, 5.65], "texture": "#0"},
				"south": {"uv": [13, 0, 15.5, 5.65], "texture": "#0"},
				"west": {"uv": [13, 0, 16, 5.65], "texture": "#0"},
				"up": {"uv": [13, 0, 15.5, 3], "texture": "#0"},
				"down": {"uv": [13, 0, 15.5, 3], "texture": "#0"}
			}
		},
		{
			"from": [4.75, 0, 7],
			"to": [7.25, 5.65, 10],
			"rotation": {"angle": -45, "axis": "z", "origin": [6, 0, 8.5]},
			"faces": {
				"north": {"uv": [13, 0, 15.5, 5.65], "texture": "#0"},
				"east": {"uv": [13, 0, 16, 5.65], "texture": "#0"},
				"south": {"uv": [13, 0, 15.5, 5.65], "texture": "#0"},
				"west": {"uv": [13, 0, 16, 5.65], "texture": "#0"},
				"up": {"uv": [13, 0, 15.5, 3], "texture": "#0"},
				"down": {"uv": [13, 0, 15.5, 3], "texture": "#0"}
			}
		},
		{
			"from": [6.75, -0.75, 7],
			"to": [9.25, 4.75, 10],
			"rotation": {"angle": 0, "axis": "y", "origin": [0, 0, 2]},
			"faces": {
				"north": {"uv": [13, 0, 15.5, 5.5], "texture": "#0"},
				"east": {"uv": [13, 0, 16, 5.5], "texture": "#0"},
				"south": {"uv": [13, 0, 15.5, 5.5], "texture": "#0"},
				"west": {"uv": [13, 0, 16, 5.5], "texture": "#0"},
				"up": {"uv": [13, 0, 15.5, 3], "texture": "#0"},
				"down": {"uv": [13, 0, 15.5, 3], "texture": "#0"}
			}
		}
	],
	"display": {
		"thirdperson_righthand": {
			"translation": [0, 5, -2.5],
			"scale": [0.8, 0.8, 0.8]
		},
		"thirdperson_lefthand": {
			"translation": [0, 5, -2.5],
			"scale": [0.8, 0.8, 0.8]
		},
		"firstperson_righthand": {
			"translation": [-2, 7, -1.5]
		},
		"firstperson_lefthand": {
			"translation": [-2, 7, -1.5]
		},
		"ground": {
			"rotation": [45, 0, 0],
			"translation": [0, 8, 3.5]
		},
		"gui": {
			"rotation": [90, -60, 90],
			"translation": [-1.75, 5.5, 0]
		},
		"fixed": {
			"rotation": [90, 45, -90],
			"translation": [1.75, 5, 0]
		}
	},
	"groups": [
		0,
		1,
		2,
		3,
		4,
		5,
		6,
		7,
		8,
		{
			"name": "group",
			"origin": [0, 0, 0],
			"color": 0,
			"children": [9, 10, 11, 12]
		},
		{
			"name": "group",
			"origin": [0, 0, 0],
			"color": 0,
			"children": [13, 14, 15, 16]
		},
		{
			"name": "group",
			"origin": [0, 0, 0],
			"color": 0,
			"children": [17, 18, 19, 20]
		}
	]
}