{
	"credit": "Made with Blockbench",
	"textures": {
		"0": "skguns:item/skguns/machinegun1",
		"particle": "skguns:item/skguns/machinegun1"
	},
	"elements": [
		{
			"from": [5.25, 1.5, 4],
			"to": [10.75, 3.5, 12],
			"rotation": {"angle": -45, "axis": "z", "origin": [8, 2.5, 8]},
			"faces": {
				"north": {"uv": [4, 10.5, 6, 16], "rotation": 90, "texture": "#0"},
				"east": {"uv": [0, 8, 2, 16], "rotation": 270, "texture": "#0"},
				"south": {"uv": [4, 10.5, 6, 16], "rotation": 270, "texture": "#0"},
				"west": {"uv": [0, 8, 2, 16], "rotation": 270, "texture": "#0"},
				"up": {"uv": [0, 8, 8, 13.5], "rotation": 270, "texture": "#0"},
				"down": {"uv": [0, 8, 8, 13.5], "rotation": 270, "texture": "#0"}
			}
		},
		{
			"from": [7, -0.25, 4],
			"to": [9, 5.25, 12],
			"rotation": {"angle": -45, "axis": "z", "origin": [8, 2.5, 8]},
			"faces": {
				"north": {"uv": [4, 10.5, 6, 16], "texture": "#0"},
				"east": {"uv": [0, 8, 8, 13.5], "texture": "#0"},
				"south": {"uv": [4, 10.5, 6, 16], "texture": "#0"},
				"west": {"uv": [0, 8, 8, 13.5], "texture": "#0"},
				"up": {"uv": [0, 8, 2, 16], "texture": "#0"},
				"down": {"uv": [0, 8, 2, 16], "texture": "#0"}
			}
		},
		{
			"from": [6.75, -0.15, 4],
			"to": [9.25, 5.15, 12],
			"faces": {
				"north": {"uv": [4, 10.5, 6.5, 15.8], "texture": "#0"},
				"east": {"uv": [0, 8, 8, 13.3], "texture": "#0"},
				"south": {"uv": [4, 10.5, 6.5, 15.8], "texture": "#0"},
				"west": {"uv": [0, 8, 8, 13.3], "texture": "#0"},
				"up": {"uv": [0, 8, 2.5, 16], "texture": "#0"},
				"down": {"uv": [0, 8, 2.5, 16], "texture": "#0"}
			}
		},
		{
			"from": [5.35, 1.25, 4],
			"to": [10.65, 3.75, 12],
			"rotation": {"angle": 0, "axis": "z", "origin": [8, 2.5, 8]},
			"faces": {
				"north": {"uv": [4, 10.5, 6.5, 15.8], "rotation": 90, "texture": "#0"},
				"east": {"uv": [0, 8, 2.5, 16], "rotation": 270, "texture": "#0"},
				"south": {"uv": [4, 10.5, 6.5, 15.8], "rotation": 270, "texture": "#0"},
				"west": {"uv": [0, 8, 2.5, 16], "rotation": 270, "texture": "#0"},
				"up": {"uv": [0, 8, 8, 13.3], "rotation": 270, "texture": "#0"},
				"down": {"uv": [0, 8, 8, 13.3], "rotation": 270, "texture": "#0"}
			}
		},
		{
			"from": [7.6, 0.6, 12],
			"to": [8.4, 4.4, 14],
			"rotation": {"angle": -45, "axis": "z", "origin": [8, 2.5, 16]},
			"faces": {
				"north": {"uv": [0, 9, 0.8, 12.8], "texture": "#0"},
				"east": {"uv": [0, 9, 1, 12.8], "texture": "#0"},
				"south": {"uv": [0, 9, 0.8, 12.8], "texture": "#0"},
				"west": {"uv": [0, 9, 1, 12.8], "texture": "#0"},
				"up": {"uv": [0, 9, 0.8, 10], "texture": "#0"},
				"down": {"uv": [0, 9, 0.8, 10], "texture": "#0"}
			}
		},
		{
			"from": [7, 0.85, 12],
			"to": [9, 4.15, 14],
			"rotation": {"angle": 0, "axis": "y", "origin": [0, 0, 8]},
			"faces": {
				"north": {"uv": [0, 9, 2, 12.3], "texture": "#0"},
				"east": {"uv": [0, 9, 1, 12.3], "texture": "#0"},
				"south": {"uv": [0, 9, 2, 12.3], "texture": "#0"},
				"west": {"uv": [0, 9, 1, 12.3], "texture": "#0"},
				"up": {"uv": [0, 9, 2, 10], "texture": "#0"},
				"down": {"uv": [0, 9, 2, 10], "texture": "#0"}
			}
		},
		{
			"from": [6.35, 1.5, 12],
			"to": [9.65, 3.5, 14],
			"rotation": {"angle": 0, "axis": "y", "origin": [8, 2.5, 16]},
			"faces": {
				"north": {"uv": [0, 9, 2, 12.3], "rotation": 90, "texture": "#0"},
				"east": {"uv": [0, 9, 2, 10], "rotation": 270, "texture": "#0"},
				"south": {"uv": [0, 9, 2, 12.3], "rotation": 270, "texture": "#0"},
				"west": {"uv": [0, 9, 2, 10], "rotation": 270, "texture": "#0"},
				"up": {"uv": [0, 9, 1, 12.3], "rotation": 270, "texture": "#0"},
				"down": {"uv": [0, 9, 1, 12.3], "rotation": 270, "texture": "#0"}
			}
		},
		{
			"from": [6.1, 2.1, 12],
			"to": [9.9, 2.9, 14],
			"rotation": {"angle": -45, "axis": "z", "origin": [8, 2.5, 16]},
			"faces": {
				"north": {"uv": [0, 9, 0.8, 12.8], "rotation": 90, "texture": "#0"},
				"east": {"uv": [0, 9, 0.8, 10], "rotation": 270, "texture": "#0"},
				"south": {"uv": [0, 9, 0.8, 12.8], "rotation": 270, "texture": "#0"},
				"west": {"uv": [0, 9, 0.8, 10], "rotation": 270, "texture": "#0"},
				"up": {"uv": [0, 9, 1, 12.8], "rotation": 270, "texture": "#0"},
				"down": {"uv": [0, 9, 1, 12.8], "rotation": 270, "texture": "#0"}
			}
		},
		{
			"from": [5.85, 4, 4.85],
			"to": [6.65, 6.5, 5.65],
			"rotation": {"angle": 22.5, "axis": "x", "origin": [8, 6.075, 5]},
			"faces": {
				"north": {"uv": [7, 13.5, 7.8, 16], "texture": "#0"},
				"east": {"uv": [7, 13.5, 7.8, 16], "texture": "#0"},
				"south": {"uv": [7, 13.5, 7.8, 16], "texture": "#0"},
				"west": {"uv": [7, 13.5, 7.8, 16], "texture": "#0"},
				"up": {"uv": [7, 13.5, 7.8, 14.3], "texture": "#0"},
				"down": {"uv": [7, 13.5, 7.8, 14.3], "texture": "#0"}
			}
		},
		{
			"from": [9.35, 4, 4.85],
			"to": [10.15, 6.5, 5.65],
			"rotation": {"angle": 22.5, "axis": "x", "origin": [8, 6.075, 5]},
			"faces": {
				"north": {"uv": [7, 13.5, 7.8, 16], "texture": "#0"},
				"east": {"uv": [7, 13.5, 7.8, 16], "texture": "#0"},
				"south": {"uv": [7, 13.5, 7.8, 16], "texture": "#0"},
				"west": {"uv": [7, 13.5, 7.8, 16], "texture": "#0"},
				"up": {"uv": [7, 13.5, 7.8, 14.3], "texture": "#0"},
				"down": {"uv": [7, 13.5, 7.8, 14.3], "texture": "#0"}
			}
		},
		{
			"from": [5.85, 6.5, 4.85],
			"to": [10.15, 7.3, 5.65],
			"rotation": {"angle": 22.5, "axis": "x", "origin": [8, 6.075, 5]},
			"faces": {
				"north": {"uv": [7, 14, 13, 16], "texture": "#0"},
				"east": {"uv": [7, 13.5, 7.8, 14.3], "texture": "#0"},
				"south": {"uv": [13, 14, 7, 16], "texture": "#0"},
				"west": {"uv": [7, 13.5, 7.8, 14.3], "texture": "#0"},
				"up": {"uv": [7, 13.5, 11.3, 14.3], "texture": "#0"},
				"down": {"uv": [7, 15.2, 13.05, 16], "rotation": 180, "texture": "#0"}
			}
		},
		{
			"from": [7.425, 4.675, 11.675],
			"to": [8.575, 5.675, 14.175],
			"rotation": {"angle": 45, "axis": "x", "origin": [8, 5.95, 14.175]},
			"faces": {
				"north": {"uv": [8, 14, 9, 16], "texture": "#0"},
				"east": {"uv": [7, 14, 11, 16], "texture": "#0"},
				"south": {"uv": [7, 13, 13, 15], "rotation": 90, "texture": "#0"},
				"west": {"uv": [11, 14, 7, 16], "texture": "#0"},
				"up": {"uv": [7, 13, 12.2, 14.5], "rotation": 180, "texture": "#0"},
				"down": {"uv": [7, 15, 11, 16], "rotation": 90, "texture": "#0"}
			}
		},
		{
			"from": [7.4, 1.5, 12.925],
			"to": [8.6, 5.75, 13.925],
			"rotation": {"angle": 0, "axis": "x", "origin": [7.75, 6.075, 13]},
			"faces": {
				"north": {"uv": [7, 13, 12, 14.2], "rotation": 90, "texture": "#0"},
				"east": {"uv": [7, 13, 12, 14], "rotation": 270, "texture": "#0"},
				"south": {"uv": [7, 13, 12, 14.2], "rotation": 90, "texture": "#0"},
				"west": {"uv": [7, 13, 12, 14], "rotation": 90, "texture": "#0"},
				"up": {"uv": [7, 13, 8.2, 14], "rotation": 180, "texture": "#0"},
				"down": {"uv": [7, 13, 8.2, 14], "texture": "#0"}
			}
		},
		{
			"from": [7.4, 6.35, 5.825],
			"to": [8.6, 6.85, 12.325],
			"rotation": {"angle": -22.5, "axis": "x", "origin": [8, 7, 10.425]},
			"faces": {
				"north": {"uv": [7, 13, 8.2, 14], "rotation": 180, "texture": "#0"},
				"east": {"uv": [7, 13, 12, 14], "rotation": 180, "texture": "#0"},
				"south": {"uv": [7, 13, 8.2, 14], "rotation": 180, "texture": "#0"},
				"west": {"uv": [7, 13, 12, 14], "rotation": 180, "texture": "#0"},
				"up": {"uv": [7, 13, 12, 14.2], "rotation": 270, "texture": "#0"},
				"down": {"uv": [7, 13, 12, 14.2], "rotation": 90, "texture": "#0"}
			}
		},
		{
			"from": [4, -2.75, 5],
			"to": [5.5, 1.25, 11.5],
			"rotation": {"angle": -45, "axis": "z", "origin": [4.75, -0.75, 8]},
			"faces": {
				"north": {"uv": [8, 0, 9, 5], "texture": "#0"},
				"east": {"uv": [5, 1, 8, 7], "texture": "#0"},
				"south": {"uv": [8, 0, 9, 5], "texture": "#0"},
				"west": {"uv": [5, 1, 8, 7], "texture": "#0"},
				"up": {"uv": [5, 0, 8, 8], "texture": "#0"},
				"down": {"uv": [5, 0, 8, 8], "texture": "#0"}
			}
		},
		{
			"from": [3.75, -2.65, 5],
			"to": [5.75, 1.15, 11.5],
			"rotation": {"angle": 0, "axis": "y", "origin": [-3.25, -3.25, 0]},
			"faces": {
				"north": {"uv": [8, 0, 9, 5.05], "texture": "#0"},
				"east": {"uv": [5, 1, 8, 7.05], "texture": "#0"},
				"south": {"uv": [8, 0, 9, 5.05], "texture": "#0"},
				"west": {"uv": [5, 1, 8, 7.05], "texture": "#0"},
				"up": {"uv": [5, 0, 6.5, 8], "texture": "#0"},
				"down": {"uv": [5, 0, 6.5, 8], "texture": "#0"}
			}
		},
		{
			"from": [2.85, -1.75, 5],
			"to": [6.65, 0.25, 11.5],
			"rotation": {"angle": 0, "axis": "y", "origin": [4.75, -0.75, 8]},
			"faces": {
				"north": {"uv": [8, 0, 9, 5.05], "rotation": 90, "texture": "#0"},
				"east": {"uv": [5, 0, 6.5, 8], "rotation": 270, "texture": "#0"},
				"south": {"uv": [8, 0, 9, 5.05], "rotation": 270, "texture": "#0"},
				"west": {"uv": [5, 0, 6.5, 8], "rotation": 270, "texture": "#0"},
				"up": {"uv": [5, 1, 8, 7.05], "rotation": 270, "texture": "#0"},
				"down": {"uv": [5, 1, 8, 7.05], "rotation": 270, "texture": "#0"}
			}
		},
		{
			"from": [2.75, -1.5, 5],
			"to": [6.75, 0, 11.5],
			"rotation": {"angle": -45, "axis": "z", "origin": [4.75, -0.75, 8]},
			"faces": {
				"north": {"uv": [8, 0, 9, 5], "rotation": 90, "texture": "#0"},
				"east": {"uv": [5, 0, 8, 8], "rotation": 270, "texture": "#0"},
				"south": {"uv": [8, 0, 9, 5], "rotation": 270, "texture": "#0"},
				"west": {"uv": [5, 0, 8, 8], "rotation": 270, "texture": "#0"},
				"up": {"uv": [5, 1, 8, 7], "rotation": 270, "texture": "#0"},
				"down": {"uv": [5, 1, 8, 7], "rotation": 270, "texture": "#0"}
			}
		},
		{
			"from": [4.5, 0.25, 5.5],
			"to": [5, 2.1, 7.5],
			"rotation": {"angle": 0, "axis": "z", "origin": [4.75, 1.25, 6.5]},
			"faces": {
				"north": {"uv": [14, 12.5, 16, 16], "texture": "#0"},
				"east": {"uv": [14, 12.5, 16, 16], "texture": "#0"},
				"south": {"uv": [14, 12.5, 16, 16], "texture": "#0"},
				"west": {"uv": [14, 12.5, 16, 16], "texture": "#0"},
				"up": {"uv": [14, 12, 16, 13], "rotation": 90, "texture": "#0"},
				"down": {"uv": [14, 12, 16, 13], "rotation": 90, "texture": "#0"}
			}
		},
		{
			"from": [4.75, 1.75, 5.5],
			"to": [5.25, 2.75, 7.5],
			"rotation": {"angle": -45, "axis": "z", "origin": [5, 2.25, 6.5]},
			"faces": {
				"north": {"uv": [14, 12.5, 16, 15], "texture": "#0"},
				"east": {"uv": [14, 12.5, 16, 15], "texture": "#0"},
				"south": {"uv": [14, 12.5, 16, 15], "texture": "#0"},
				"west": {"uv": [14, 12.5, 16, 15], "texture": "#0"},
				"up": {"uv": [14, 12, 16, 13], "rotation": 90, "texture": "#0"},
				"down": {"uv": [14, 12, 16, 13], "rotation": 90, "texture": "#0"}
			}
		},
		{
			"from": [6.15, 2.15, -10],
			"to": [6.85, 2.85, 4],
			"rotation": {"angle": -45, "axis": "z", "origin": [8, 2.5, -3]},
			"faces": {
				"north": {"uv": [9, 0, 16, 7], "rotation": 90, "texture": "#0"},
				"east": {"uv": [15, 0, 16, 1], "rotation": 270, "texture": "#0"},
				"south": {"uv": [15, 0, 16, 1], "rotation": 270, "texture": "#0"},
				"west": {"uv": [15, 0, 16, 1], "rotation": 270, "texture": "#0"},
				"up": {"uv": [15, 0, 16, 1], "rotation": 270, "texture": "#0"},
				"down": {"uv": [15, 0, 16, 1], "rotation": 270, "texture": "#0"}
			}
		},
		{
			"from": [7.65, 0.65, -10],
			"to": [8.35, 1.35, 4],
			"faces": {
				"north": {"uv": [9, 0, 16, 7], "texture": "#0"},
				"east": {"uv": [15, 0, 16, 1], "texture": "#0"},
				"south": {"uv": [15, 0, 16, 1], "texture": "#0"},
				"west": {"uv": [15, 0, 16, 1], "rotation": 270, "texture": "#0"},
				"up": {"uv": [15, 0, 16, 1], "texture": "#0"},
				"down": {"uv": [15, 0, 16, 1], "texture": "#0"}
			}
		},
		{
			"from": [7.65, 3.65, -10],
			"to": [8.35, 4.35, 4],
			"faces": {
				"north": {"uv": [9, 0, 16, 7], "texture": "#0"},
				"east": {"uv": [15, 0, 16, 1], "texture": "#0"},
				"south": {"uv": [15, 0, 16, 1], "texture": "#0"},
				"west": {"uv": [15, 0, 16, 1], "rotation": 270, "texture": "#0"},
				"up": {"uv": [15, 0, 16, 1], "texture": "#0"},
				"down": {"uv": [15, 0, 16, 1], "texture": "#0"}
			}
		},
		{
			"from": [9.15, 2.15, -10],
			"to": [9.85, 2.85, 4],
			"rotation": {"angle": 0, "axis": "z", "origin": [8, 2.5, -3]},
			"faces": {
				"north": {"uv": [9, 0, 16, 7], "rotation": 90, "texture": "#0"},
				"east": {"uv": [15, 0, 16, 1], "rotation": 270, "texture": "#0"},
				"south": {"uv": [15, 0, 16, 1], "rotation": 270, "texture": "#0"},
				"west": {"uv": [15, 0, 16, 1], "rotation": 270, "texture": "#0"},
				"up": {"uv": [15, 0, 16, 1], "rotation": 270, "texture": "#0"},
				"down": {"uv": [15, 0, 16, 1], "rotation": 270, "texture": "#0"}
			}
		},
		{
			"from": [6.15, 2.15, -10],
			"to": [6.85, 2.85, 4],
			"rotation": {"angle": 0, "axis": "z", "origin": [8, 2.5, -3]},
			"faces": {
				"north": {"uv": [9, 0, 16, 7], "rotation": 90, "texture": "#0"},
				"east": {"uv": [15, 0, 16, 1], "rotation": 270, "texture": "#0"},
				"south": {"uv": [15, 0, 16, 1], "rotation": 270, "texture": "#0"},
				"west": {"uv": [15, 0, 16, 1], "rotation": 270, "texture": "#0"},
				"up": {"uv": [15, 0, 16, 1], "rotation": 270, "texture": "#0"},
				"down": {"uv": [15, 0, 16, 1], "rotation": 270, "texture": "#0"}
			}
		},
		{
			"from": [7.65, 3.65, -10],
			"to": [8.35, 4.35, 4],
			"rotation": {"angle": -45, "axis": "z", "origin": [8, 2.5, -3]},
			"faces": {
				"north": {"uv": [9, 0, 16, 7], "texture": "#0"},
				"east": {"uv": [15, 0, 16, 1], "texture": "#0"},
				"south": {"uv": [15, 0, 16, 1], "texture": "#0"},
				"west": {"uv": [15, 0, 16, 1], "rotation": 270, "texture": "#0"},
				"up": {"uv": [15, 0, 16, 1], "texture": "#0"},
				"down": {"uv": [15, 0, 16, 1], "texture": "#0"}
			}
		},
		{
			"from": [7.65, 0.65, -10],
			"to": [8.35, 1.35, 4],
			"rotation": {"angle": -45, "axis": "z", "origin": [8, 2.5, -3]},
			"faces": {
				"north": {"uv": [9, 0, 16, 7], "texture": "#0"},
				"east": {"uv": [15, 0, 16, 1], "texture": "#0"},
				"south": {"uv": [15, 0, 16, 1], "texture": "#0"},
				"west": {"uv": [15, 0, 16, 1], "rotation": 270, "texture": "#0"},
				"up": {"uv": [15, 0, 16, 1], "texture": "#0"},
				"down": {"uv": [15, 0, 16, 1], "texture": "#0"}
			}
		},
		{
			"from": [9.15, 2.15, -10],
			"to": [9.85, 2.85, 4],
			"rotation": {"angle": -45, "axis": "z", "origin": [8, 2.5, -3]},
			"faces": {
				"north": {"uv": [9, 0, 16, 7], "rotation": 90, "texture": "#0"},
				"east": {"uv": [15, 0, 16, 1], "rotation": 270, "texture": "#0"},
				"south": {"uv": [15, 0, 16, 1], "rotation": 270, "texture": "#0"},
				"west": {"uv": [15, 0, 16, 1], "rotation": 270, "texture": "#0"},
				"up": {"uv": [15, 0, 16, 1], "rotation": 270, "texture": "#0"},
				"down": {"uv": [15, 0, 16, 1], "rotation": 270, "texture": "#0"}
			}
		},
		{
			"from": [7.25, 0.25, -9.25],
			"to": [8.75, 4.75, -7],
			"rotation": {"angle": -45, "axis": "z", "origin": [8, 2.5, -5.75]},
			"faces": {
				"north": {"uv": [3, 0, 4.5, 4.5], "texture": "#0"},
				"east": {"uv": [0, 0, 3, 3], "rotation": 270, "texture": "#0"},
				"south": {"uv": [3, 0, 4.5, 4.5], "texture": "#0"},
				"west": {"uv": [0, 0, 3, 3], "rotation": 90, "texture": "#0"},
				"up": {"uv": [0, 0, 1.5, 3], "rotation": 180, "texture": "#0"},
				"down": {"uv": [0, 0, 1.5, 3], "texture": "#0"}
			}
		},
		{
			"from": [7, 0.35, -9.25],
			"to": [9, 4.65, -7],
			"rotation": {"angle": 0, "axis": "y", "origin": [0, 0, -13.75]},
			"faces": {
				"north": {"uv": [3, 0, 5, 4.3], "texture": "#0"},
				"east": {"uv": [0, 0, 3, 3], "rotation": 270, "texture": "#0"},
				"south": {"uv": [3, 0, 5, 4.3], "texture": "#0"},
				"west": {"uv": [0, 0, 3, 3], "rotation": 90, "texture": "#0"},
				"up": {"uv": [0, 0, 2, 3], "rotation": 180, "texture": "#0"},
				"down": {"uv": [0, 0, 2, 3], "texture": "#0"}
			}
		},
		{
			"from": [5.85, 1.5, -9.25],
			"to": [10.15, 3.5, -7],
			"rotation": {"angle": 0, "axis": "y", "origin": [8, 2.5, -5.75]},
			"faces": {
				"north": {"uv": [3, 0, 5, 4.3], "rotation": 90, "texture": "#0"},
				"east": {"uv": [0, 0, 2, 3], "rotation": 270, "texture": "#0"},
				"south": {"uv": [3, 0, 5, 4.3], "rotation": 270, "texture": "#0"},
				"west": {"uv": [0, 0, 2, 3], "rotation": 90, "texture": "#0"},
				"up": {"uv": [0, 0, 3, 3], "rotation": 180, "texture": "#0"},
				"down": {"uv": [0, 0, 3, 3], "texture": "#0"}
			}
		},
		{
			"from": [5.75, 1.75, -9.25],
			"to": [10.25, 3.25, -7],
			"rotation": {"angle": -45, "axis": "z", "origin": [8, 2.5, -5.75]},
			"faces": {
				"north": {"uv": [3, 0, 4.5, 4.5], "rotation": 90, "texture": "#0"},
				"east": {"uv": [0, 0, 1.5, 3], "rotation": 270, "texture": "#0"},
				"south": {"uv": [3, 0, 4.5, 4.5], "rotation": 270, "texture": "#0"},
				"west": {"uv": [0, 0, 1.5, 3], "rotation": 90, "texture": "#0"},
				"up": {"uv": [0, 0, 3, 3], "rotation": 180, "texture": "#0"},
				"down": {"uv": [0, 0, 3, 3], "texture": "#0"}
			}
		},
		{
			"from": [7.25, 0.25, -6.5],
			"to": [8.75, 4.75, -6],
			"rotation": {"angle": -45, "axis": "z", "origin": [8, 2.5, -2.75]},
			"faces": {
				"north": {"uv": [3, 0, 4.5, 4.5], "texture": "#0"},
				"east": {"uv": [3, 0, 4, 4.5], "texture": "#0"},
				"south": {"uv": [3, 0, 4.5, 4.5], "texture": "#0"},
				"west": {"uv": [3, 0, 4, 4.5], "texture": "#0"},
				"up": {"uv": [3, 0, 4.5, 1], "texture": "#0"},
				"down": {"uv": [3, 0, 4.5, 1], "texture": "#0"}
			}
		},
		{
			"from": [7, 0.35, -6.5],
			"to": [9, 4.65, -6],
			"rotation": {"angle": 0, "axis": "y", "origin": [0, 0, -10.75]},
			"faces": {
				"north": {"uv": [3, 0, 5, 4.3], "texture": "#0"},
				"east": {"uv": [3, 0, 4, 4.3], "texture": "#0"},
				"south": {"uv": [3, 0, 5, 4.3], "texture": "#0"},
				"west": {"uv": [3, 0, 4, 4.3], "texture": "#0"},
				"up": {"uv": [3, 0, 5, 1], "texture": "#0"},
				"down": {"uv": [3, 0, 5, 1], "texture": "#0"}
			}
		},
		{
			"from": [5.85, 1.5, -6.5],
			"to": [10.15, 3.5, -6],
			"rotation": {"angle": 0, "axis": "y", "origin": [8, 2.5, -2.75]},
			"faces": {
				"north": {"uv": [3, 0, 5, 4.3], "rotation": 90, "texture": "#0"},
				"east": {"uv": [3, 0, 5, 1], "rotation": 270, "texture": "#0"},
				"south": {"uv": [3, 0, 5, 4.3], "rotation": 270, "texture": "#0"},
				"west": {"uv": [3, 0, 5, 1], "rotation": 270, "texture": "#0"},
				"up": {"uv": [3, 0, 4, 4.3], "rotation": 270, "texture": "#0"},
				"down": {"uv": [3, 0, 4, 4.3], "rotation": 270, "texture": "#0"}
			}
		},
		{
			"from": [5.75, 1.75, -6.5],
			"to": [10.25, 3.25, -6],
			"rotation": {"angle": -45, "axis": "z", "origin": [8, 2.5, -2.75]},
			"faces": {
				"north": {"uv": [3, 0, 4.5, 4.5], "rotation": 90, "texture": "#0"},
				"east": {"uv": [3, 0, 4.5, 1], "rotation": 270, "texture": "#0"},
				"south": {"uv": [3, 0, 4.5, 4.5], "rotation": 270, "texture": "#0"},
				"west": {"uv": [3, 0, 4.5, 1], "rotation": 270, "texture": "#0"},
				"up": {"uv": [3, 0, 4, 4.5], "rotation": 270, "texture": "#0"},
				"down": {"uv": [3, 0, 4, 4.5], "rotation": 270, "texture": "#0"}
			}
		},
		{
			"from": [7.25, 0.25, -5.5],
			"to": [8.75, 4.75, -5],
			"rotation": {"angle": -45, "axis": "z", "origin": [8, 2.5, -1.75]},
			"faces": {
				"north": {"uv": [3, 0, 4.5, 4.5], "texture": "#0"},
				"east": {"uv": [3, 0, 4, 4.5], "texture": "#0"},
				"south": {"uv": [3, 0, 4.5, 4.5], "texture": "#0"},
				"west": {"uv": [3, 0, 4, 4.5], "texture": "#0"},
				"up": {"uv": [3, 0, 4.5, 1], "texture": "#0"},
				"down": {"uv": [3, 0, 4.5, 1], "texture": "#0"}
			}
		},
		{
			"from": [7, 0.35, -5.5],
			"to": [9, 4.65, -5],
			"rotation": {"angle": 0, "axis": "y", "origin": [0, 0, -9.75]},
			"faces": {
				"north": {"uv": [3, 0, 5, 4.3], "texture": "#0"},
				"east": {"uv": [3, 0, 4, 4.3], "texture": "#0"},
				"south": {"uv": [3, 0, 5, 4.3], "texture": "#0"},
				"west": {"uv": [3, 0, 4, 4.3], "texture": "#0"},
				"up": {"uv": [3, 0, 5, 1], "texture": "#0"},
				"down": {"uv": [3, 0, 5, 1], "texture": "#0"}
			}
		},
		{
			"from": [5.85, 1.5, -5.5],
			"to": [10.15, 3.5, -5],
			"rotation": {"angle": 0, "axis": "y", "origin": [8, 2.5, -1.75]},
			"faces": {
				"north": {"uv": [3, 0, 5, 4.3], "rotation": 90, "texture": "#0"},
				"east": {"uv": [3, 0, 5, 1], "rotation": 270, "texture": "#0"},
				"south": {"uv": [3, 0, 5, 4.3], "rotation": 270, "texture": "#0"},
				"west": {"uv": [3, 0, 5, 1], "rotation": 270, "texture": "#0"},
				"up": {"uv": [3, 0, 4, 4.3], "rotation": 270, "texture": "#0"},
				"down": {"uv": [3, 0, 4, 4.3], "rotation": 270, "texture": "#0"}
			}
		},
		{
			"from": [5.75, 1.75, -5.5],
			"to": [10.25, 3.25, -5],
			"rotation": {"angle": -45, "axis": "z", "origin": [8, 2.5, -1.75]},
			"faces": {
				"north": {"uv": [3, 0, 4.5, 4.5], "rotation": 90, "texture": "#0"},
				"east": {"uv": [3, 0, 4.5, 1], "rotation": 270, "texture": "#0"},
				"south": {"uv": [3, 0, 4.5, 4.5], "rotation": 270, "texture": "#0"},
				"west": {"uv": [3, 0, 4.5, 1], "rotation": 270, "texture": "#0"},
				"up": {"uv": [3, 0, 4, 4.5], "rotation": 270, "texture": "#0"},
				"down": {"uv": [3, 0, 4, 4.5], "rotation": 270, "texture": "#0"}
			}
		},
		{
			"from": [7.25, 0.25, 2.25],
			"to": [8.75, 4.75, 3.25],
			"rotation": {"angle": -45, "axis": "z", "origin": [8, 2.5, 6.25]},
			"faces": {
				"north": {"uv": [3, 0, 4.5, 4.5], "texture": "#0"},
				"east": {"uv": [3, 0, 4, 4.5], "texture": "#0"},
				"south": {"uv": [3, 0, 4.5, 4.5], "texture": "#0"},
				"west": {"uv": [3, 0, 4, 4.5], "texture": "#0"},
				"up": {"uv": [3, 0, 4.5, 1], "texture": "#0"},
				"down": {"uv": [3, 0, 4.5, 1], "texture": "#0"}
			}
		},
		{
			"from": [7, 0.35, 2.25],
			"to": [9, 4.65, 3.25],
			"rotation": {"angle": 0, "axis": "y", "origin": [0, 0, -1.75]},
			"faces": {
				"north": {"uv": [3, 0, 5, 4.3], "texture": "#0"},
				"east": {"uv": [3, 0, 4, 4.3], "texture": "#0"},
				"south": {"uv": [3, 0, 5, 4.3], "texture": "#0"},
				"west": {"uv": [3, 0, 4, 4.3], "texture": "#0"},
				"up": {"uv": [3, 0, 5, 1], "texture": "#0"},
				"down": {"uv": [3, 0, 5, 1], "texture": "#0"}
			}
		},
		{
			"from": [5.85, 1.5, 2.25],
			"to": [10.15, 3.5, 3.25],
			"rotation": {"angle": 0, "axis": "y", "origin": [8, 2.5, 6.25]},
			"faces": {
				"north": {"uv": [3, 0, 5, 4.3], "rotation": 90, "texture": "#0"},
				"east": {"uv": [3, 0, 5, 1], "rotation": 270, "texture": "#0"},
				"south": {"uv": [3, 0, 5, 4.3], "rotation": 270, "texture": "#0"},
				"west": {"uv": [3, 0, 5, 1], "rotation": 270, "texture": "#0"},
				"up": {"uv": [3, 0, 4, 4.3], "rotation": 270, "texture": "#0"},
				"down": {"uv": [3, 0, 4, 4.3], "rotation": 270, "texture": "#0"}
			}
		},
		{
			"from": [5.75, 1.75, 2.25],
			"to": [10.25, 3.25, 3.25],
			"rotation": {"angle": -45, "axis": "z", "origin": [8, 2.5, 6.25]},
			"faces": {
				"north": {"uv": [3, 0, 4.5, 4.5], "rotation": 90, "texture": "#0"},
				"east": {"uv": [3, 0, 4.5, 1], "rotation": 270, "texture": "#0"},
				"south": {"uv": [3, 0, 4.5, 4.5], "rotation": 270, "texture": "#0"},
				"west": {"uv": [3, 0, 4.5, 1], "rotation": 270, "texture": "#0"},
				"up": {"uv": [3, 0, 4, 4.5], "rotation": 270, "texture": "#0"},
				"down": {"uv": [3, 0, 4, 4.5], "rotation": 270, "texture": "#0"}
			}
		}
	],
	"gui_light": "front",
	"display": {
		"thirdperson_righthand": {
			"rotation": [60, 0, 0],
			"translation": [0, -1, 5]
		},
		"thirdperson_lefthand": {
			"rotation": [60, 0, 0],
			"translation": [0, -1, 5]
		},
		"firstperson_righthand": {
			"translation": [-2, 5.5, -1.5]
		},
		"firstperson_lefthand": {
			"translation": [-2, 5.5, -1.5]
		},
		"ground": {
			"rotation": [45, 0, 0],
			"translation": [0, 8, 7.75]
		},
		"gui": {
			"rotation": [90, -60, 90],
			"translation": [-7.5, 2.5, 0]
		},
		"fixed": {
			"rotation": [90, 45, -90],
			"translation": [8, -1, -1]
		}
	},
	"groups": [
		{
			"name": "group",
			"origin": [8, 2.5, 8],
			"color": 0,
			"children": [
				{
					"name": "group",
					"origin": [8, 2.5, 8],
					"color": 0,
					"children": [0, 1, 2, 3]
				},
				{
					"name": "group",
					"origin": [8, 2.5, 16],
					"color": 8,
					"children": [4, 5, 6, 7]
				},
				{
					"name": "group",
					"origin": [8, 6.075, 5],
					"color": 0,
					"children": [8, 9, 10]
				},
				{
					"name": "group",
					"origin": [7.75, 6.075, 12],
					"color": 0,
					"children": [11, 12, 13]
				}
			]
		},
		{
			"name": "group",
			"origin": [8, 2.5, 8],
			"color": 5,
			"children": [14, 15, 16, 17, 18, 19]
		},
		{
			"name": "group",
			"origin": [8, 2.5, -3],
			"color": 0,
			"children": [20, 21, 22, 23, 24, 25, 26, 27]
		},
		{
			"name": "group",
			"origin": [8, 2.5, 8],
			"color": 1,
			"children": [28, 29, 30, 31]
		},
		{
			"name": "group",
			"origin": [8, 2.5, 8],
			"color": 7,
			"children": [32, 33, 34, 35]
		},
		{
			"name": "group",
			"origin": [8, 2.5, 8],
			"color": 7,
			"children": [36, 37, 38, 39]
		},
		{
			"name": "group",
			"origin": [8, 2.5, 8],
			"color": 7,
			"children": [40, 41, 42, 43]
		}
	]
}