{
	"credit": "Made with Blockbench",
	"textures": {
		"0": "skguns:item/skguns/pistol2",
		"particle": "skguns:item/skguns/pistol2"
	},
	"elements": [
		{
			"from": [7.25, -1, 12.75],
			"to": [8.75, 5, 15.25],
			"rotation": {"angle": -22.5, "axis": "x", "origin": [8, 0, 14]},
			"faces": {
				"north": {"uv": [14.5, 0, 16, 6], "texture": "#0"},
				"east": {"uv": [14, 0, 16, 6], "texture": "#0"},
				"south": {"uv": [14.5, 0, 16, 6], "texture": "#0"},
				"west": {"uv": [14, 0, 16, 6], "texture": "#0"},
				"up": {"uv": [14.5, 6, 16, 8], "texture": "#0"},
				"down": {"uv": [14.5, 6, 16, 8], "texture": "#0"}
			}
		},
		{
			"from": [7, 3, 2.5],
			"to": [9, 6, 11.5],
			"rotation": {"angle": 0, "axis": "y", "origin": [0, 0, 2]},
			"faces": {
				"north": {"uv": [0, 2, 2, 5], "texture": "#0"},
				"east": {"uv": [0, 2, 13, 5], "texture": "#0"},
				"south": {"uv": [0, 2, 2, 5], "texture": "#0"},
				"west": {"uv": [0, 2, 13, 5], "texture": "#0"},
				"up": {"uv": [13, 2, 0, 5], "rotation": 90, "texture": "#0"},
				"down": {"uv": [0, 5, 13, 2], "rotation": 90, "texture": "#0"}
			}
		},
		{
			"from": [6.5, 1.75, 2],
			"to": [9.5, 3.5, 7],
			"rotation": {"angle": 0, "axis": "y", "origin": [0, 0, 1.75]},
			"faces": {
				"north": {"uv": [7, 11, 16, 16], "texture": "#0"},
				"east": {"uv": [8, 0, 13, 2], "texture": "#0"},
				"south": {"uv": [7, 11, 16, 16], "texture": "#0"},
				"west": {"uv": [8, 0, 13, 2], "texture": "#0"},
				"up": {"uv": [8, 0, 13, 1], "rotation": 90, "texture": "#0"},
				"down": {"uv": [8, 1, 13, 2], "rotation": 90, "texture": "#0"}
			}
		},
		{
			"from": [7.15, 4.15, 1],
			"to": [8.85, 5.85, 14.5],
			"rotation": {"angle": 45, "axis": "z", "origin": [8, 5, 2]},
			"faces": {
				"north": {"uv": [11, 11, 16, 16], "texture": "#0"},
				"east": {"uv": [13, 0, 0, 1], "texture": "#0"},
				"south": {"uv": [12, 1, 13, 2], "texture": "#0"},
				"west": {"uv": [0, 1, 13, 2], "texture": "#0"},
				"up": {"uv": [0, 0, 13, 1], "rotation": 90, "texture": "#0"},
				"down": {"uv": [13, 1, 0, 2], "rotation": 90, "texture": "#0"}
			}
		},
		{
			"from": [5.25, 5.25, 11],
			"to": [7.75, 7.75, 12],
			"rotation": {"angle": 45, "axis": "z", "origin": [6.5, 6.5, 11.5]},
			"faces": {
				"north": {"uv": [0, 11, 5, 16], "texture": "#0"},
				"east": {"uv": [4, 11, 5, 16], "texture": "#0"},
				"south": {"uv": [0, 11, 5, 16], "texture": "#0"},
				"west": {"uv": [0, 11, 1, 16], "texture": "#0"},
				"up": {"uv": [0, 11, 5, 12], "texture": "#0"},
				"down": {"uv": [0, 15, 5, 16], "texture": "#0"}
			}
		}
	],
	"gui_light": "front",
	"display": {
		"thirdperson_righthand": {
			"translation": [0, 3.25, -2],
			"scale": [0.75, 0.75, 0.75]
		},
		"thirdperson_lefthand": {
			"translation": [0, 3.25, -2],
			"scale": [0.75, 0.75, 0.75]
		},
		"firstperson_righthand": {
			"translation": [-2, 7.5, -4]
		},
		"firstperson_lefthand": {
			"translation": [-2, 7.5, -4]
		},
		"ground": {
			"rotation": [30, 0, 0],
			"translation": [0, 8, 0.5],
			"scale": [0.75, 0.75, 0.75]
		},
		"gui": {
			"rotation": [90, -60, 90],
			"translation": [-1.5, 4.5, 0]
		},
		"fixed": {
			"rotation": [90, 45, -90],
			"translation": [2.5, 3.75, 0]
		}
	}
}