{
	"credit": "Made with Blockbench",
	"textures": {
		"0": "skguns:item/skguns/pistol1",
		"particle": "skguns:item/skguns/pistol1"
	},
	"elements": [
		{
			"from": [7.25, -1.75, 11.5],
			"to": [8.75, 2.75, 13.5],
			"rotation": {"angle": -22.5, "axis": "x", "origin": [8, 0, 14]},
			"faces": {
				"north": {"uv": [0, 11, 11, 12], "rotation": 270, "texture": "#0"},
				"east": {"uv": [0, 9, 11, 12], "rotation": 270, "texture": "#0"},
				"south": {"uv": [11, 9, 0, 11], "rotation": 90, "texture": "#0"},
				"west": {"uv": [0, 9, 11, 12], "rotation": 90, "texture": "#0"},
				"up": {"uv": [0, 9, 1.5, 12], "rotation": 180, "texture": "#0"},
				"down": {"uv": [0, 9, 1.5, 12], "texture": "#0"}
			}
		},
		{
			"from": [7.5, 2.65, 0.5],
			"to": [8.5, 3.65, 6.5],
			"rotation": {"angle": 0, "axis": "y", "origin": [0, 0, 2]},
			"faces": {
				"north": {"uv": [11, 11, 16, 16], "texture": "#0"},
				"east": {"uv": [8, 0, 2, 2], "texture": "#0"},
				"south": {"uv": [0, 0, 2, 2], "texture": "#0"},
				"west": {"uv": [2, 0, 8, 2], "texture": "#0"},
				"up": {"uv": [2, 0, 8, 1], "rotation": 90, "texture": "#0"},
				"down": {"uv": [8, 1, 2, 2], "rotation": 90, "texture": "#0"}
			}
		},
		{
			"from": [7.75, 2.15, 1.5],
			"to": [8.25, 2.65, 6.5],
			"rotation": {"angle": 0, "axis": "y", "origin": [0, 0, 2]},
			"faces": {
				"north": {"uv": [5, 0, 7, 2], "texture": "#0"},
				"east": {"uv": [8, 0, 2, 2], "texture": "#0"},
				"south": {"uv": [0, 0, 2, 2], "texture": "#0"},
				"west": {"uv": [2, 0, 8, 2], "texture": "#0"},
				"up": {"uv": [2, 0, 8, 1], "rotation": 90, "texture": "#0"},
				"down": {"uv": [8, 1, 2, 2], "rotation": 90, "texture": "#0"}
			}
		},
		{
			"from": [7.5, 1.3, 6.5],
			"to": [8.5, 1.65, 11.5],
			"rotation": {"angle": 0, "axis": "y", "origin": [0, 0, 2]},
			"faces": {
				"north": {"uv": [0, 12, 1, 13], "texture": "#0"},
				"east": {"uv": [0, 13, 11, 12], "texture": "#0"},
				"south": {"uv": [0, 12, 1, 13], "texture": "#0"},
				"west": {"uv": [0, 12, 11, 13], "texture": "#0"},
				"up": {"uv": [0, 12, 11, 13], "rotation": 90, "texture": "#0"},
				"down": {"uv": [0, 12, 11, 13], "rotation": 90, "texture": "#0"}
			}
		},
		{
			"from": [7.4, 3.4, 6.5],
			"to": [8.6, 3.75, 10.5],
			"rotation": {"angle": 0, "axis": "y", "origin": [0, 0, 2]},
			"faces": {
				"north": {"uv": [0, 12, 1, 13], "texture": "#0"},
				"east": {"uv": [0, 13, 11, 12], "texture": "#0"},
				"south": {"uv": [0, 12, 1, 13], "texture": "#0"},
				"west": {"uv": [0, 12, 11, 13], "texture": "#0"},
				"up": {"uv": [0, 12, 11, 13], "rotation": 90, "texture": "#0"},
				"down": {"uv": [0, 12, 11, 13], "rotation": 90, "texture": "#0"}
			}
		},
		{
			"from": [7.8, 3.4, 6.5],
			"to": [8.2, 4.25, 10.5],
			"rotation": {"angle": 0, "axis": "y", "origin": [0, 0, 2]},
			"faces": {
				"north": {"uv": [0, 12, 1, 13], "texture": "#0"},
				"east": {"uv": [0, 13, 11, 12], "texture": "#0"},
				"south": {"uv": [0, 12, 1, 13], "texture": "#0"},
				"west": {"uv": [0, 12, 11, 13], "texture": "#0"},
				"up": {"uv": [0, 12, 11, 13], "rotation": 90, "texture": "#0"},
				"down": {"uv": [0, 12, 11, 13], "rotation": 90, "texture": "#0"}
			}
		},
		{
			"from": [7.9, 0.55849, 10.05775],
			"to": [8.1, 1.55849, 10.50775],
			"rotation": {"angle": 22.5, "axis": "x", "origin": [8, 1.18349, 10.03275]},
			"faces": {
				"north": {"uv": [0, 12, 11, 13], "rotation": 270, "texture": "#0"},
				"east": {"uv": [0, 13, 11, 12], "rotation": 90, "texture": "#0"},
				"south": {"uv": [0, 12, 11, 13], "rotation": 90, "texture": "#0"},
				"west": {"uv": [0, 12, 11, 13], "rotation": 270, "texture": "#0"},
				"up": {"uv": [0, 12, 1, 13], "texture": "#0"},
				"down": {"uv": [0, 12, 1, 13], "rotation": 180, "texture": "#0"}
			}
		},
		{
			"from": [7.85, 2.988, 10.91827],
			"to": [8.15, 3.588, 12.01827],
			"rotation": {"angle": -22.5, "axis": "x", "origin": [8, 3.513, 11.26827]},
			"faces": {
				"north": {"uv": [0, 12, 1, 13], "texture": "#0"},
				"east": {"uv": [0, 13, 11, 12], "texture": "#0"},
				"south": {"uv": [0, 12, 1, 13], "texture": "#0"},
				"west": {"uv": [0, 12, 11, 13], "texture": "#0"},
				"up": {"uv": [0, 12, 11, 13], "rotation": 90, "texture": "#0"},
				"down": {"uv": [0, 12, 11, 13], "rotation": 90, "texture": "#0"}
			}
		},
		{
			"from": [7.8, 0.80849, 8.55775],
			"to": [8.2, 2.05849, 8.75775],
			"rotation": {"angle": -22.5, "axis": "x", "origin": [8, 1.18349, 10.03275]},
			"faces": {
				"north": {"uv": [0, 12, 11, 13], "rotation": 270, "texture": "#0"},
				"east": {"uv": [0, 13, 11, 12], "rotation": 90, "texture": "#0"},
				"south": {"uv": [0, 12, 11, 13], "rotation": 90, "texture": "#0"},
				"west": {"uv": [0, 12, 11, 13], "rotation": 270, "texture": "#0"},
				"up": {"uv": [0, 12, 1, 13], "texture": "#0"},
				"down": {"uv": [0, 12, 1, 13], "rotation": 180, "texture": "#0"}
			}
		},
		{
			"from": [7.8, 0.20849, 8.90775],
			"to": [8.2, 0.40849, 11.15775],
			"rotation": {"angle": 0, "axis": "x", "origin": [8, 1.18349, 10.03275]},
			"faces": {
				"north": {"uv": [0, 12, 1, 13], "rotation": 180, "texture": "#0"},
				"east": {"uv": [0, 13, 11, 12], "rotation": 180, "texture": "#0"},
				"south": {"uv": [0, 12, 1, 13], "rotation": 180, "texture": "#0"},
				"west": {"uv": [0, 12, 11, 13], "rotation": 180, "texture": "#0"},
				"up": {"uv": [0, 12, 11, 13], "rotation": 90, "texture": "#0"},
				"down": {"uv": [0, 12, 11, 13], "rotation": 90, "texture": "#0"}
			}
		},
		{
			"from": [7.9, 3.4, 1.5],
			"to": [8.1, 4, 6.5],
			"rotation": {"angle": 0, "axis": "y", "origin": [0, 0, 2]},
			"faces": {
				"north": {"uv": [0, 12, 1, 13], "texture": "#0"},
				"east": {"uv": [0, 13, 11, 12], "texture": "#0"},
				"south": {"uv": [0, 12, 1, 13], "texture": "#0"},
				"west": {"uv": [0, 12, 11, 13], "texture": "#0"},
				"up": {"uv": [0, 12, 11, 13], "rotation": 90, "texture": "#0"},
				"down": {"uv": [0, 12, 11, 13], "rotation": 90, "texture": "#0"}
			}
		},
		{
			"from": [7.9, 3.4, 0.6],
			"to": [8.1, 4.25, 1.5],
			"rotation": {"angle": 0, "axis": "y", "origin": [0, 0, 2]},
			"faces": {
				"north": {"uv": [0, 12, 1, 13], "texture": "#0"},
				"east": {"uv": [0, 13, 11, 12], "texture": "#0"},
				"south": {"uv": [0, 12, 1, 13], "texture": "#0"},
				"west": {"uv": [0, 12, 11, 13], "texture": "#0"},
				"up": {"uv": [0, 12, 11, 13], "rotation": 90, "texture": "#0"},
				"down": {"uv": [0, 12, 11, 13], "rotation": 90, "texture": "#0"}
			}
		},
		{
			"from": [7.28033, 1.78033, 7],
			"to": [8.78033, 3.28033, 10.5],
			"rotation": {"angle": 45, "axis": "z", "origin": [8, 2.5, 2]},
			"faces": {
				"north": {"uv": [7, 2, 14, 9], "texture": "#0"},
				"east": {"uv": [7, 3.5, 0, 7.5], "texture": "#0"},
				"south": {"uv": [7, 2, 14, 9], "texture": "#0"},
				"west": {"uv": [0, 3.5, 7, 7.5], "texture": "#0"},
				"up": {"uv": [0, 3.5, 7, 7.5], "rotation": 90, "texture": "#0"},
				"down": {"uv": [7, 3.5, 0, 7.5], "rotation": 90, "texture": "#0"}
			}
		},
		{
			"from": [7.35, 1.44289, 10.5],
			"to": [8.65, 3.64289, 11],
			"rotation": {"angle": 0, "axis": "z", "origin": [8, 2.54289, 11.375]},
			"faces": {
				"north": {"uv": [8, 0, 13, 2], "texture": "#0"},
				"east": {"uv": [13, 0, 8, 2], "texture": "#0"},
				"south": {"uv": [8, 0, 13, 2], "texture": "#0"},
				"west": {"uv": [8, 0, 13, 2], "texture": "#0"},
				"up": {"uv": [13, 0, 8, 1], "rotation": 270, "texture": "#0"},
				"down": {"uv": [8, 1, 13, 2], "rotation": 270, "texture": "#0"}
			}
		},
		{
			"from": [7.45, 1.44289, 10.5],
			"to": [8.55, 3.39289, 11.75],
			"rotation": {"angle": -45, "axis": "x", "origin": [8, 2.54289, 11.375]},
			"faces": {
				"north": {"uv": [8, 0, 13, 2], "texture": "#0"},
				"east": {"uv": [13, 0, 8, 2], "texture": "#0"},
				"south": {"uv": [8, 0, 13, 2], "texture": "#0"},
				"west": {"uv": [8, 0, 13, 2], "texture": "#0"},
				"up": {"uv": [13, 0, 8, 1], "rotation": 270, "texture": "#0"},
				"down": {"uv": [8, 1, 13, 2], "rotation": 270, "texture": "#0"}
			}
		},
		{
			"from": [7.6, 1.44289, 6.5],
			"to": [8.4, 3.64289, 7],
			"rotation": {"angle": 0, "axis": "y", "origin": [8, 2.54289, 11.375]},
			"faces": {
				"north": {"uv": [8, 0, 13, 2], "texture": "#0"},
				"east": {"uv": [13, 0, 8, 2], "texture": "#0"},
				"south": {"uv": [8, 0, 13, 2], "texture": "#0"},
				"west": {"uv": [8, 0, 13, 2], "texture": "#0"},
				"up": {"uv": [13, 0, 8, 1], "rotation": 270, "texture": "#0"},
				"down": {"uv": [8, 1, 13, 2], "rotation": 270, "texture": "#0"}
			}
		}
	],
	"gui_light": "front",
	"display": {
		"thirdperson_righthand": {
			"translation": [0, 5, -1],
			"scale": [0.75, 0.75, 0.75]
		},
		"thirdperson_lefthand": {
			"translation": [0, 5, -1],
			"scale": [0.75, 0.75, 0.75]
		},
		"firstperson_righthand": {
			"translation": [-2, 9, -2]
		},
		"firstperson_lefthand": {
			"translation": [-2, 9, -2]
		},
		"ground": {
			"rotation": [30, 0, 0],
			"translation": [0, 8, 2],
			"scale": [0.75, 0.75, 0.75]
		},
		"gui": {
			"rotation": [90, -60, 90],
			"translation": [-3.25, 5.5, 0]
		},
		"fixed": {
			"rotation": [90, 45, -90],
			"translation": [4.5, 4, 0]
		}
	}
}