{
	"credit": "Made with Blockbench",
	"textures": {
		"0": "skguns:item/skguns/pistol3",
		"particle": "skguns:item/skguns/pistol3"
	},
	"elements": [
		{
			"from": [7.25, 0, 10],
			"to": [8.75, 5, 12],
			"rotation": {"angle": -22.5, "axis": "x", "origin": [8, 0, 10]},
			"faces": {
				"north": {"uv": [10.5, 3, 12, 8], "texture": "#0"},
				"east": {"uv": [10, 3, 12, 8], "texture": "#0"},
				"south": {"uv": [10.5, 3, 12, 8], "texture": "#0"},
				"west": {"uv": [10, 3, 12, 8], "texture": "#0"},
				"up": {"uv": [10.5, 8, 12, 10], "texture": "#0"},
				"down": {"uv": [10.5, 8, 12, 10], "texture": "#0"}
			}
		},
		{
			"from": [7.25, 0, 10],
			"to": [8.75, 1.5, 16],
			"rotation": {"angle": 0, "axis": "x", "origin": [8, 0, 10]},
			"faces": {
				"north": {"uv": [9, 3, 10.5, 4.5], "texture": "#0"},
				"east": {"uv": [9, 3, 12, 9.5], "texture": "#0"},
				"south": {"uv": [9, 3, 10.5, 4.5], "texture": "#0"},
				"west": {"uv": [9, 3, 12, 9.5], "texture": "#0"},
				"up": {"uv": [9, 3, 10.5, 9], "texture": "#0"},
				"down": {"uv": [9, 3, 10.5, 9], "texture": "#0"}
			}
		},
		{
			"from": [7.25, 0, 15],
			"to": [8.75, 4.5, 16],
			"rotation": {"angle": 0, "axis": "y", "origin": [8, 0, 10]},
			"faces": {
				"north": {"uv": [9, 3, 10.5, 7.5], "texture": "#0"},
				"east": {"uv": [9, 3, 10, 7.5], "texture": "#0"},
				"south": {"uv": [9, 3, 10.5, 7.5], "texture": "#0"},
				"west": {"uv": [9, 3, 10, 7.5], "texture": "#0"},
				"up": {"uv": [9, 3, 10.5, 4], "texture": "#0"},
				"down": {"uv": [9, 3, 10.5, 4], "texture": "#0"}
			}
		},
		{
			"from": [7, 3.5, 1.75],
			"to": [9, 6.5, 10.75],
			"rotation": {"angle": 0, "axis": "y", "origin": [0, 0, 2]},
			"faces": {
				"north": {"uv": [7, 3, 9, 8], "texture": "#0"},
				"east": {"uv": [0, 3, 9, 8], "texture": "#0"},
				"south": {"uv": [7, 3, 9, 8], "texture": "#0"},
				"west": {"uv": [0, 3, 9, 8], "texture": "#0"},
				"up": {"uv": [0, 8, 9, 9], "rotation": 90, "texture": "#0"},
				"down": {"uv": [0, 9, 9, 10], "rotation": 90, "texture": "#0"}
			}
		},
		{
			"from": [7, 4.5, -2],
			"to": [8.5, 6, 11.5],
			"rotation": {"angle": -45, "axis": "z", "origin": [8, 5, 2]},
			"faces": {
				"north": {"uv": [13, 0, 16, 3], "texture": "#0"},
				"east": {"uv": [0, 0, 13, 3], "texture": "#0"},
				"south": {"uv": [12, 0, 13, 3], "texture": "#0"},
				"west": {"uv": [13, 0, 0, 3], "texture": "#0"},
				"up": {"uv": [13, 0, 0, 3], "rotation": 90, "texture": "#0"},
				"down": {"uv": [0, 0, 13, 3], "rotation": 90, "texture": "#0"}
			}
		},
		{
			"from": [7.5, -3, 3],
			"to": [8.5, 4, 6],
			"rotation": {"angle": 0, "axis": "y", "origin": [0, 0, 2]},
			"faces": {
				"north": {"uv": [12, 3, 16, 16], "texture": "#0"},
				"east": {"uv": [12, 3, 16, 16], "texture": "#0"},
				"south": {"uv": [12, 3, 16, 16], "texture": "#0"},
				"west": {"uv": [12, 3, 16, 16], "texture": "#0"},
				"up": {"uv": [12, 3, 16, 4], "texture": "#0"},
				"down": {"uv": [12, 15, 16, 16], "rotation": 90, "texture": "#0"}
			}
		},
		{
			"from": [7.25, 1.5, 2.5],
			"to": [8.75, 2.5, 9.5],
			"rotation": {"angle": 0, "axis": "z", "origin": [8, 2, 2]},
			"faces": {
				"north": {"uv": [0, 0, 1.5, 1], "texture": "#0"},
				"east": {"uv": [0, 0, 7, 1], "texture": "#0"},
				"south": {"uv": [0, 0, 1.5, 1], "texture": "#0"},
				"west": {"uv": [0, 0, 7, 1], "texture": "#0"},
				"up": {"uv": [0, 0, 7, 1], "rotation": 90, "texture": "#0"},
				"down": {"uv": [0, 0, 7, 1], "rotation": 90, "texture": "#0"}
			}
		}
	],
	"gui_light": "front",
	"display": {
		"thirdperson_righthand": {
			"translation": [0, 3.5, 0.5],
			"scale": [0.75, 0.75, 0.75]
		},
		"thirdperson_lefthand": {
			"translation": [0, 3.5, 0.5],
			"scale": [0.75, 0.75, 0.75]
		},
		"firstperson_righthand": {
			"translation": [-2, 6.5, -2]
		},
		"firstperson_lefthand": {
			"translation": [-2, 6.5, -2]
		},
		"ground": {
			"rotation": [30, 0, 0],
			"translation": [0, 8, 2],
			"scale": [0.75, 0.75, 0.75]
		},
		"gui": {
			"rotation": [90, -60, 90],
			"translation": [-2.75, 3.5, 0]
		},
		"fixed": {
			"rotation": [90, 45, -90],
			"translation": [4, 2.75, 0]
		}
	}
}