{
	"credit": "Made with Blockbench",
	"textures": {
		"0": "skguns:item/skguns/rifle6",
		"particle": "skguns:item/skguns/rifle6"
	},
	"elements": [
		{
			"from": [7.3, 3.25, -3],
			"to": [8.7, 4.75, 13],
			"faces": {
				"north": {"uv": [0, 6, 1.4, 7.5], "texture": "#0"},
				"east": {"uv": [0, 6, 16, 10.5], "texture": "#0"},
				"south": {"uv": [0, 6, 1.4, 7.5], "texture": "#0"},
				"west": {"uv": [0, 6, 16, 10.5], "texture": "#0"},
				"up": {"uv": [0, 6, 16, 10.4], "rotation": 90, "texture": "#0"},
				"down": {"uv": [0, 6, 16, 10.4], "rotation": 90, "texture": "#0"}
			}
		},
		{
			"from": [7.4, 4.4, -12.5],
			"to": [8.6, 5.6, 12.5],
			"faces": {
				"north": {"uv": [0.75, 2.75, 3.2, 5.2], "texture": "#0"},
				"east": {"uv": [0, 0, 16, 1.95], "texture": "#0"},
				"south": {"uv": [0, 2, 3.95, 5.95], "texture": "#0"},
				"west": {"uv": [0, 0, 16, 1.95], "texture": "#0"},
				"up": {"uv": [0, 0, 16, 0.95], "rotation": 90, "texture": "#0"},
				"down": {"uv": [0, 1, 16, 1.95], "rotation": 90, "texture": "#0"}
			}
		},
		{
			"from": [7.3, 3.25, 9],
			"to": [8.7, 5.75, 14],
			"faces": {
				"north": {"uv": [0, 6, 1.4, 8.5], "texture": "#0"},
				"east": {"uv": [0, 6, 5, 8.5], "texture": "#0"},
				"south": {"uv": [0, 6, 1.4, 8.5], "texture": "#0"},
				"west": {"uv": [0, 6, 5, 8.5], "texture": "#0"},
				"up": {"uv": [0, 6, 1.4, 11], "texture": "#0"},
				"down": {"uv": [0, 6, 1.4, 11], "texture": "#0"}
			}
		},
		{
			"from": [7.35, 2, 12],
			"to": [8.65, 4, 21],
			"rotation": {"angle": 22.5, "axis": "x", "origin": [8, 3, 15]},
			"faces": {
				"north": {"uv": [0, 6, 1.3, 8], "texture": "#0"},
				"east": {"uv": [0, 6, 9, 8], "texture": "#0"},
				"south": {"uv": [0, 6, 1.3, 8], "texture": "#0"},
				"west": {"uv": [0, 6, 9, 8], "texture": "#0"},
				"up": {"uv": [0, 6, 9, 7.3], "rotation": 90, "texture": "#0"},
				"down": {"uv": [0, 6, 9, 7.3], "rotation": 90, "texture": "#0"}
			}
		},
		{
			"from": [7.375, 1.5, 14.5],
			"to": [8.625, 4.2, 20.9],
			"faces": {
				"north": {"uv": [0, 11, 1.25, 13.7], "texture": "#0"},
				"east": {"uv": [6.4, 11, 0, 13.7], "texture": "#0"},
				"south": {"uv": [0, 6, 1.25, 8.7], "texture": "#0"},
				"west": {"uv": [0, 11, 6.4, 13.7], "texture": "#0"},
				"up": {"uv": [0, 6, 6.4, 7.25], "rotation": 90, "texture": "#0"},
				"down": {"uv": [0, 14, 6.4, 15.25], "rotation": 90, "texture": "#0"}
			}
		},
		{
			"from": [8.55, 5.05, 11],
			"to": [9.05, 6.3, 11.5],
			"rotation": {"angle": 22.5, "axis": "x", "origin": [8.9, 5.25, 10.25]},
			"faces": {
				"north": {"uv": [11.5, 14.75, 12, 16], "texture": "#0"},
				"east": {"uv": [11.5, 14.75, 12, 16], "texture": "#0"},
				"south": {"uv": [11.5, 14.75, 12, 16], "texture": "#0"},
				"west": {"uv": [11.5, 14.75, 12, 16], "texture": "#0"},
				"up": {"uv": [11.5, 14.75, 12, 15.25], "texture": "#0"},
				"down": {"uv": [11.5, 14.75, 12, 15.25], "texture": "#0"}
			}
		},
		{
			"from": [8.55, 6.00892, 10.45995],
			"to": [9.05, 6.50892, 11.70995],
			"rotation": {"angle": 45, "axis": "x", "origin": [8.9, 6.00892, 10.83495]},
			"faces": {
				"north": {"uv": [11.5, 14.75, 12, 15.25], "rotation": 180, "texture": "#0"},
				"east": {"uv": [11.5, 14.75, 12, 16], "rotation": 90, "texture": "#0"},
				"south": {"uv": [11.5, 14.75, 12, 15.25], "texture": "#0"},
				"west": {"uv": [11.5, 14.75, 12, 16], "rotation": 270, "texture": "#0"},
				"up": {"uv": [11.5, 14.75, 12, 16], "texture": "#0"},
				"down": {"uv": [11.5, 14.75, 12, 16], "rotation": 180, "texture": "#0"}
			}
		},
		{
			"from": [8.55, 4.3, 12.25],
			"to": [9.05, 6.8, 12.75],
			"rotation": {"angle": -22.5, "axis": "x", "origin": [8.9, 5.55, 12.25]},
			"faces": {
				"north": {"uv": [11.5, 13.5, 12, 16], "texture": "#0"},
				"east": {"uv": [11.5, 13.5, 12, 16], "texture": "#0"},
				"south": {"uv": [11.5, 13.5, 12, 16], "texture": "#0"},
				"west": {"uv": [11.5, 13.5, 12, 16], "texture": "#0"},
				"up": {"uv": [11.5, 13.5, 12, 14], "texture": "#0"},
				"down": {"uv": [11.5, 13.5, 12, 14], "texture": "#0"}
			}
		},
		{
			"from": [7.15, 4, 9.25],
			"to": [8.85, 5.5, 13.25],
			"faces": {
				"north": {"uv": [8, 12, 9.7, 13.5], "texture": "#0"},
				"east": {"uv": [8, 12, 12, 13.5], "texture": "#0"},
				"south": {"uv": [8, 12, 9.7, 13.5], "texture": "#0"},
				"west": {"uv": [8, 12, 12, 13.5], "texture": "#0"},
				"up": {"uv": [8, 12, 12, 13.7], "rotation": 90, "texture": "#0"},
				"down": {"uv": [8, 12, 12, 13.7], "rotation": 90, "texture": "#0"}
			}
		}
	],
	"display": {
		"thirdperson_righthand": {
			"translation": [0, 3.5, 0],
			"scale": [0.8, 0.8, 0.8]
		},
		"thirdperson_lefthand": {
			"translation": [0, 3.5, 0],
			"scale": [0.8, 0.8, 0.8]
		},
		"firstperson_righthand": {
			"translation": [-2, 7, -1.5]
		},
		"firstperson_lefthand": {
			"translation": [-2, 7, -1.5]
		},
		"ground": {
			"rotation": [45, 0, 0],
			"translation": [0, 8, 1.5]
		},
		"gui": {
			"rotation": [90, -60, 90],
			"translation": [-5.75, 2.5, 0]
		},
		"fixed": {
			"rotation": [90, 45, -90],
			"translation": [5, 0, 0]
		}
	}
}