{
	"credit": "Made with Blockbench",
	"textures": {
		"0": "skguns:item/skguns/rifle5",
		"particle": "skguns:item/skguns/rifle5"
	},
	"elements": [
		{
			"from": [7.25, 0, 12],
			"to": [8.75, 4, 14],
			"rotation": {"angle": -22.5, "axis": "x", "origin": [8, 2, 13]},
			"faces": {
				"north": {"uv": [12, 3, 13.5, 7], "texture": "#0"},
				"east": {"uv": [12, 3, 14, 7], "texture": "#0"},
				"south": {"uv": [12, 3, 13.5, 7], "texture": "#0"},
				"west": {"uv": [12, 3, 14, 7], "texture": "#0"},
				"up": {"uv": [12, 3, 13.5, 5], "texture": "#0"},
				"down": {"uv": [12, 3, 13.5, 5], "texture": "#0"}
			}
		},
		{
			"from": [7, 3.5, 6.25],
			"to": [9, 6.5, 13.25],
			"faces": {
				"north": {"uv": [14, 0, 16, 3], "texture": "#0"},
				"east": {"uv": [16, 0, 9, 3], "texture": "#0"},
				"south": {"uv": [14, 0, 16, 3], "texture": "#0"},
				"west": {"uv": [9, 0, 16, 3], "texture": "#0"},
				"up": {"uv": [15, 3, 16, 10], "texture": "#0"},
				"down": {"uv": [14, 3, 15, 10], "texture": "#0"}
			}
		},
		{
			"from": [7.1, 2, 6.35],
			"to": [8.9, 3.5, 9.4],
			"faces": {
				"north": {"uv": [12, 3, 14, 6], "texture": "#0"},
				"east": {"uv": [12, 3, 14, 6], "texture": "#0"},
				"south": {"uv": [12, 3, 14, 6], "texture": "#0"},
				"west": {"uv": [12, 3, 14, 6], "texture": "#0"},
				"up": {"uv": [12, 3, 14, 4], "texture": "#0"},
				"down": {"uv": [12, 3, 14, 4], "texture": "#0"}
			}
		},
		{
			"from": [7.2, -1, 6.45],
			"to": [8.8, 3, 9.25],
			"faces": {
				"north": {"uv": [0, 0, 3, 2], "texture": "#0"},
				"east": {"uv": [0, 0, 5, 2], "texture": "#0"},
				"south": {"uv": [0, 0, 3, 2], "texture": "#0"},
				"west": {"uv": [0, 0, 5, 2], "texture": "#0"},
				"up": {"uv": [0, 3, 5, 6], "texture": "#0"},
				"down": {"uv": [0, 3, 5, 6], "rotation": 90, "texture": "#0"}
			}
		},
		{
			"from": [7.55, 4.8, -6],
			"to": [8.45, 5.7, -1],
			"rotation": {"angle": 0, "axis": "z", "origin": [8, 5.25, 4.5]},
			"faces": {
				"north": {"uv": [10.1, 10.1, 16, 16], "texture": "#0"},
				"east": {"uv": [0, 9, 7, 9.9], "texture": "#0"},
				"south": {"uv": [10.1, 10.1, 16, 16], "texture": "#0"},
				"west": {"uv": [0, 9, 7, 9.9], "texture": "#0"},
				"up": {"uv": [0, 9, 0.9, 16], "texture": "#0"},
				"down": {"uv": [0, 9, 0.9, 16], "texture": "#0"}
			}
		},
		{
			"from": [7.1, 4.35, 2.25],
			"to": [8.9, 6.15, 6.25],
			"rotation": {"angle": 45, "axis": "z", "origin": [8, 5.25, 2.25]},
			"faces": {
				"north": {"uv": [7, 0, 9, 2], "texture": "#0"},
				"east": {"uv": [4, 0, 0, 2], "texture": "#0"},
				"south": {"uv": [7, 0, 5, 2], "texture": "#0"},
				"west": {"uv": [0, 0, 4, 2], "texture": "#0"},
				"up": {"uv": [0, 0, 4, 2], "rotation": 90, "texture": "#0"},
				"down": {"uv": [4, 0, 0, 2], "rotation": 90, "texture": "#0"}
			}
		},
		{
			"from": [7.2, 4.45, -1.75],
			"to": [8.8, 6.05, 2.25],
			"rotation": {"angle": 45, "axis": "z", "origin": [8, 5.25, 2.25]},
			"faces": {
				"north": {"uv": [7, 0, 9, 2], "texture": "#0"},
				"east": {"uv": [4, 0, 0, 2], "texture": "#0"},
				"south": {"uv": [5, 0, 7, 2], "texture": "#0"},
				"west": {"uv": [0, 0, 4, 2], "texture": "#0"},
				"up": {"uv": [0, 0, 4, 2], "rotation": 90, "texture": "#0"},
				"down": {"uv": [4, 0, 0, 2], "rotation": 90, "texture": "#0"}
			}
		},
		{
			"from": [7.25, 4.75, 13.25],
			"to": [8.75, 6.25, 20.075],
			"faces": {
				"north": {"uv": [0, 7, 1.5, 8.5], "texture": "#0"},
				"east": {"uv": [0, 7, 6.825, 8.5], "texture": "#0"},
				"south": {"uv": [0, 7, 1.5, 8.5], "texture": "#0"},
				"west": {"uv": [0, 7, 6.825, 8.5], "texture": "#0"},
				"up": {"uv": [0, 7, 6.825, 8.5], "rotation": 90, "texture": "#0"},
				"down": {"uv": [0, 7, 6.825, 8.5], "rotation": 90, "texture": "#0"}
			}
		},
		{
			"from": [7.25, 3.25, 16.35],
			"to": [8.75, 4.75, 20.075],
			"faces": {
				"north": {"uv": [0, 7, 1.5, 8.5], "texture": "#0"},
				"east": {"uv": [0, 7, 3.725, 8.5], "texture": "#0"},
				"south": {"uv": [0, 7, 1.5, 8.5], "texture": "#0"},
				"west": {"uv": [0, 7, 3.725, 8.5], "texture": "#0"},
				"up": {"uv": [0, 7, 3.725, 8.5], "rotation": 90, "texture": "#0"},
				"down": {"uv": [0, 7, 3.725, 8.5], "rotation": 90, "texture": "#0"}
			}
		},
		{
			"from": [7.25, 3.4, 13.65],
			"to": [8.75, 4.9, 20.65],
			"rotation": {"angle": 22.5, "axis": "x", "origin": [8, 5.5, 16.25]},
			"faces": {
				"north": {"uv": [0, 7, 1.5, 8.5], "texture": "#0"},
				"east": {"uv": [0, 7, 7, 8.5], "texture": "#0"},
				"south": {"uv": [0, 7, 1.5, 8.5], "texture": "#0"},
				"west": {"uv": [0, 7, 7, 8.5], "texture": "#0"},
				"up": {"uv": [0, 7, 7, 8.5], "rotation": 90, "texture": "#0"},
				"down": {"uv": [0, 7, 7, 8.5], "rotation": 90, "texture": "#0"}
			}
		},
		{
			"from": [7.75, 5.75, -2.75],
			"to": [8.25, 7.25, -1.75],
			"faces": {
				"north": {"uv": [0, 7, 0.5, 8.5], "texture": "#0"},
				"east": {"uv": [0, 7, 1, 8.5], "texture": "#0"},
				"south": {"uv": [0, 7, 0.5, 8.5], "texture": "#0"},
				"west": {"uv": [0, 7, 1, 8.5], "texture": "#0"},
				"up": {"uv": [0, 7, 0.5, 8], "texture": "#0"},
				"down": {"uv": [0, 7, 0.5, 8], "texture": "#0"}
			}
		},
		{
			"from": [7.5, 6.5, 6.5],
			"to": [8.5, 7.5, 7.5],
			"faces": {
				"north": {"uv": [0, 7, 1, 8], "texture": "#0"},
				"east": {"uv": [0, 7, 7, 9], "texture": "#0"},
				"south": {"uv": [0, 7, 1, 8], "texture": "#0"},
				"west": {"uv": [0, 7, 7, 9], "texture": "#0"},
				"up": {"uv": [0, 7, 7, 8], "rotation": 90, "texture": "#0"},
				"down": {"uv": [0, 7, 7, 8], "rotation": 90, "texture": "#0"}
			}
		},
		{
			"from": [7.5, 6.5, 12],
			"to": [8.5, 7.5, 13],
			"faces": {
				"north": {"uv": [0, 7, 1, 8], "texture": "#0"},
				"east": {"uv": [0, 7, 7, 9], "texture": "#0"},
				"south": {"uv": [0, 7, 1, 8], "texture": "#0"},
				"west": {"uv": [0, 7, 7, 9], "texture": "#0"},
				"up": {"uv": [0, 7, 7, 8], "rotation": 90, "texture": "#0"},
				"down": {"uv": [0, 7, 7, 8], "rotation": 90, "texture": "#0"}
			}
		},
		{
			"from": [7.5, 7.5, 6.5],
			"to": [8.5, 8, 13],
			"faces": {
				"north": {"uv": [0, 7, 1, 8], "texture": "#0"},
				"east": {"uv": [0, 7, 7, 9], "texture": "#0"},
				"south": {"uv": [0, 7, 1, 8], "texture": "#0"},
				"west": {"uv": [0, 7, 7, 9], "texture": "#0"},
				"up": {"uv": [0, 7, 7, 8], "rotation": 90, "texture": "#0"},
				"down": {"uv": [0, 7, 7, 8], "rotation": 90, "texture": "#0"}
			}
		}
	],
	"gui_light": "front",
	"display": {
		"thirdperson_righthand": {
			"translation": [0, 3.5, -1.5],
			"scale": [0.85, 0.85, 0.85]
		},
		"thirdperson_lefthand": {
			"translation": [0, 3.5, -1.5],
			"scale": [0.85, 0.85, 0.85]
		},
		"firstperson_righthand": {
			"translation": [-2, 7, -2]
		},
		"firstperson_lefthand": {
			"translation": [-2, 7, -2]
		},
		"ground": {
			"rotation": [30, 0, 0],
			"translation": [0, 8, 2.5]
		},
		"gui": {
			"rotation": [90, -60, 90],
			"translation": [-2.75, 2.25, 0]
		},
		"fixed": {
			"rotation": [90, 45, -90],
			"translation": [2.5, 2, 0]
		}
	}
}