{
	"credit": "Made with Blockbench",
	"textures": {
		"0": "skguns:item/skguns/rifle4",
		"particle": "skguns:item/skguns/rifle4"
	},
	"elements": [
		{
			"from": [7.25, 0, 11.5],
			"to": [8.75, 4, 13.5],
			"rotation": {"angle": -22.5, "axis": "x", "origin": [8, 2, 13]},
			"faces": {
				"north": {"uv": [0, 6, 1.5, 10], "texture": "#0"},
				"east": {"uv": [0, 6, 2, 10], "texture": "#0"},
				"south": {"uv": [0, 6, 1.5, 10], "texture": "#0"},
				"west": {"uv": [0, 6, 2, 10], "texture": "#0"},
				"up": {"uv": [0, 6, 1.5, 8], "texture": "#0"},
				"down": {"uv": [0, 6, 1.5, 8], "texture": "#0"}
			}
		},
		{
			"from": [7.2, 3, 5.75],
			"to": [8.8, 5.5, 13.25],
			"faces": {
				"north": {"uv": [0, 0, 1, 3], "texture": "#0"},
				"east": {"uv": [0, 0, 8.95, 3], "texture": "#0"},
				"south": {"uv": [8, 0, 9, 3], "texture": "#0"},
				"west": {"uv": [9, 0, 0, 3], "texture": "#0"},
				"up": {"uv": [9, 0, 0, 1], "rotation": 90, "texture": "#0"},
				"down": {"uv": [0, 2.05, 8.95, 2.95], "rotation": 90, "texture": "#0"}
			}
		},
		{
			"from": [7.35, 3.25, 1],
			"to": [8.65, 4.5, 5.75],
			"faces": {
				"north": {"uv": [0, 3, 0.8, 6], "texture": "#0"},
				"east": {"uv": [4, 6, 0, 3], "texture": "#0"},
				"south": {"uv": [4, 3, 6.05, 6], "texture": "#0"},
				"west": {"uv": [0, 3, 4, 6], "texture": "#0"},
				"up": {"uv": [0, 3, 5.8, 4], "texture": "#0"},
				"down": {"uv": [0, 5, 4.8, 6], "texture": "#0"}
			}
		},
		{
			"from": [7.45, 4.5, 2.25],
			"to": [8.55, 5.4, 5.75],
			"faces": {
				"north": {"uv": [0, 3, 3, 5], "texture": "#0"},
				"east": {"uv": [0, 5, 6, 3], "texture": "#0"},
				"south": {"uv": [0, 3, 6, 5], "texture": "#0"},
				"west": {"uv": [0, 3, 6, 5], "texture": "#0"},
				"up": {"uv": [0, 4, 6, 6], "texture": "#0"},
				"down": {"uv": [0, 3, 6, 5], "texture": "#0"}
			}
		},
		{
			"from": [7.25, 1.94933, 14.24612],
			"to": [8.75, 4.44933, 20.34612],
			"rotation": {"angle": 0, "axis": "x", "origin": [8, 2.47433, 16.77112]},
			"faces": {
				"north": {"uv": [6, 14, 7, 16], "texture": "#0"},
				"east": {"uv": [10, 14, 6, 16], "texture": "#0"},
				"south": {"uv": [0, 11.75, 1.5, 13.5], "texture": "#0"},
				"west": {"uv": [6, 14, 10, 16], "texture": "#0"},
				"up": {"uv": [0, 11.75, 1.5, 16], "texture": "#0"},
				"down": {"uv": [6, 15, 10, 16], "rotation": 270, "texture": "#0"}
			}
		},
		{
			"from": [7.25, 2.25, 12.5],
			"to": [8.75, 4, 20.5],
			"rotation": {"angle": 22.5, "axis": "x", "origin": [8, 3.375, 15.25]},
			"faces": {
				"north": {"uv": [0, 10, 1.5, 11.75], "texture": "#0"},
				"east": {"uv": [0, 10, 6, 11.75], "texture": "#0"},
				"south": {"uv": [0, 10, 1.5, 11.75], "texture": "#0"},
				"west": {"uv": [0, 10, 6, 11.75], "texture": "#0"},
				"up": {"uv": [0, 10, 1.5, 16], "texture": "#0"},
				"down": {"uv": [0, 10, 1.5, 16], "texture": "#0"}
			}
		},
		{
			"from": [7.35, 0, 6.25],
			"to": [8.65, 3, 8.75],
			"rotation": {"angle": 0, "axis": "y", "origin": [0, 0, -1]},
			"faces": {
				"north": {"uv": [13, 12, 16, 16], "texture": "#0"},
				"east": {"uv": [11, 12, 16, 16], "texture": "#0"},
				"south": {"uv": [13, 12, 16, 16], "texture": "#0"},
				"west": {"uv": [11, 12, 16, 16], "texture": "#0"},
				"up": {"uv": [13, 7, 16, 12], "texture": "#0"},
				"down": {"uv": [13, 7, 16, 12], "texture": "#0"}
			}
		},
		{
			"from": [7.375, -3.175, 5.375],
			"to": [8.625, 0.325, 7.875],
			"rotation": {"angle": 22.5, "axis": "x", "origin": [8, -2, 7.5]},
			"faces": {
				"north": {"uv": [13, 12, 16, 16], "texture": "#0"},
				"east": {"uv": [11, 12, 16, 16], "texture": "#0"},
				"south": {"uv": [13, 12, 16, 16], "texture": "#0"},
				"west": {"uv": [11, 12, 16, 16], "texture": "#0"},
				"up": {"uv": [13, 7, 16, 12], "texture": "#0"},
				"down": {"uv": [13, 7, 16, 12], "texture": "#0"}
			}
		},
		{
			"from": [7.625, 3.625, -4],
			"to": [8.375, 4.375, 1],
			"faces": {
				"north": {"uv": [0, 6, 0.75, 6.75], "texture": "#0"},
				"east": {"uv": [0, 6, 5, 6.75], "texture": "#0"},
				"south": {"uv": [0, 6, 0.75, 6.75], "texture": "#0"},
				"west": {"uv": [0, 6, 5, 6.75], "texture": "#0"},
				"up": {"uv": [0, 6, 0.75, 10], "texture": "#0"},
				"down": {"uv": [0, 6, 0.75, 10], "texture": "#0"}
			}
		},
		{
			"from": [7.625, 4.375, -1],
			"to": [8.375, 5.125, 2.25],
			"faces": {
				"north": {"uv": [0, 6, 0.75, 6.75], "texture": "#0"},
				"east": {"uv": [0, 6, 3.25, 6.75], "texture": "#0"},
				"south": {"uv": [0, 6, 0.75, 6.75], "texture": "#0"},
				"west": {"uv": [0, 6, 3.25, 6.75], "texture": "#0"},
				"up": {"uv": [0, 6, 0.75, 9.25], "texture": "#0"},
				"down": {"uv": [0, 6, 0.75, 9.25], "texture": "#0"}
			}
		}
	],
	"gui_light": "front",
	"display": {
		"thirdperson_righthand": {
			"translation": [0, 4, -1.25],
			"scale": [0.85, 0.85, 0.85]
		},
		"thirdperson_lefthand": {
			"translation": [0, 4, -1.25],
			"scale": [0.85, 0.85, 0.85]
		},
		"firstperson_righthand": {
			"translation": [-2, 8, -2]
		},
		"firstperson_lefthand": {
			"translation": [-2, 8, -2]
		},
		"ground": {
			"rotation": [30, 0, 0],
			"translation": [0, 8, 3.5]
		},
		"gui": {
			"rotation": [90, -60, 90],
			"translation": [-2, 4.5, 0]
		},
		"fixed": {
			"rotation": [90, 45, -90],
			"translation": [2.75, 3.75, 0]
		}
	}
}