{
	"credit": "Made with Blockbench",
	"textures": {
		"0": "skguns:item/skguns/rifle3",
		"particle": "skguns:item/skguns/rifle3"
	},
	"elements": [
		{
			"from": [7.275, 2, 9],
			"to": [8.725, 4.25, 14],
			"rotation": {"angle": 0, "axis": "y", "origin": [0, 0, 1]},
			"faces": {
				"north": {"uv": [14.5, 6, 16, 8], "texture": "#0"},
				"east": {"uv": [12, 6, 16, 8], "texture": "#0"},
				"south": {"uv": [14.5, 6, 16, 8], "texture": "#0"},
				"west": {"uv": [16, 6, 12, 8], "texture": "#0"},
				"up": {"uv": [12, 6, 16, 7], "rotation": 90, "texture": "#0"},
				"down": {"uv": [12, 7, 16, 8], "rotation": 90, "texture": "#0"}
			}
		},
		{
			"from": [7.25, 3.5, 2],
			"to": [8.75, 5.5, 10],
			"rotation": {"angle": 0, "axis": "y", "origin": [0, 0, 1]},
			"faces": {
				"north": {"uv": [8, 0, 9, 3], "texture": "#0"},
				"east": {"uv": [16, 0, 8, 3], "texture": "#0"},
				"south": {"uv": [8, 0, 9, 3], "texture": "#0"},
				"west": {"uv": [8, 0, 16, 3], "texture": "#0"},
				"up": {"uv": [8, 0, 16, 1], "rotation": 90, "texture": "#0"},
				"down": {"uv": [8, 2, 14, 3], "rotation": 90, "texture": "#0"}
			}
		},
		{
			"from": [7.35, 3.6, 2.1],
			"to": [8.65, 5.4, 9.9],
			"rotation": {"angle": 0, "axis": "y", "origin": [0, 0, 1]},
			"faces": {
				"north": {"uv": [0, 0, 1.5, 2], "texture": "#0"},
				"east": {"uv": [16, 6, 8, 3], "texture": "#0"},
				"south": {"uv": [0, 0, 1.5, 2], "texture": "#0"},
				"west": {"uv": [8, 3, 16, 6], "texture": "#0"},
				"up": {"uv": [0, 0, 8, 2], "rotation": 90, "texture": "#0"},
				"down": {"uv": [0, 0, 8, 2], "rotation": 90, "texture": "#0"}
			}
		},
		{
			"from": [7.375, 0.75, 5.75],
			"to": [8.625, 2.75, 9.75],
			"rotation": {"angle": 22.5, "axis": "x", "origin": [8, 3, 12.5]},
			"faces": {
				"north": {"uv": [14.5, 6, 16, 8], "texture": "#0"},
				"east": {"uv": [16, 6, 12, 8], "texture": "#0"},
				"south": {"uv": [14.5, 6, 16, 8], "texture": "#0"},
				"west": {"uv": [12, 6, 16, 8], "texture": "#0"},
				"up": {"uv": [12, 6, 16, 7], "rotation": 90, "texture": "#0"},
				"down": {"uv": [12, 7, 16, 8], "rotation": 90, "texture": "#0"}
			}
		},
		{
			"from": [7.1, 4.25, 10],
			"to": [8.9, 5.75, 14],
			"rotation": {"angle": 0, "axis": "y", "origin": [0, 0, 1]},
			"faces": {
				"north": {"uv": [0, 2, 4, 4], "texture": "#0"},
				"east": {"uv": [0, 2, 4, 4], "texture": "#0"},
				"south": {"uv": [4, 2, 8, 4], "texture": "#0"},
				"west": {"uv": [0, 2, 4, 4], "texture": "#0"},
				"up": {"uv": [0, 4, 4, 8], "texture": "#0"},
				"down": {"uv": [0, 4, 1, 8], "texture": "#0"}
			}
		},
		{
			"from": [7.6, 4.35, -6],
			"to": [8.4, 5.15, 2],
			"rotation": {"angle": 45, "axis": "z", "origin": [8, 4.75, 0.5]},
			"faces": {
				"north": {"uv": [11, 11, 16, 16], "texture": "#0"},
				"east": {"uv": [0, 8, 7, 10.8], "texture": "#0"},
				"south": {"uv": [11, 11, 16, 16], "texture": "#0"},
				"west": {"uv": [0, 8, 7, 10.8], "texture": "#0"},
				"up": {"uv": [0, 8, 7, 10.8], "rotation": 90, "texture": "#0"},
				"down": {"uv": [0, 8, 7, 10.8], "rotation": 90, "texture": "#0"}
			}
		},
		{
			"from": [7.6, 3.85, -3],
			"to": [8.4, 4.65, 2],
			"rotation": {"angle": 45, "axis": "z", "origin": [8, 4.25, 0.5]},
			"faces": {
				"north": {"uv": [0, 8, 0.8, 8.8], "texture": "#0"},
				"east": {"uv": [0, 8, 7, 11], "texture": "#0"},
				"south": {"uv": [0, 8, 0.8, 8.8], "texture": "#0"},
				"west": {"uv": [0, 8, 7, 11], "texture": "#0"},
				"up": {"uv": [0, 8, 7, 11], "rotation": 90, "texture": "#0"},
				"down": {"uv": [0, 8, 7, 11], "rotation": 90, "texture": "#0"}
			}
		},
		{
			"from": [7.35, 0.5, 12.5],
			"to": [8.625, 4.5, 14.25],
			"rotation": {"angle": -45, "axis": "x", "origin": [8, 4, 14]},
			"faces": {
				"north": {"uv": [12, 7, 16, 8], "rotation": 90, "texture": "#0"},
				"east": {"uv": [12, 8, 16, 6], "rotation": 90, "texture": "#0"},
				"south": {"uv": [12, 6, 16, 7], "rotation": 90, "texture": "#0"},
				"west": {"uv": [12, 6, 16, 8], "rotation": 90, "texture": "#0"},
				"up": {"uv": [12, 6, 13.4, 8], "texture": "#0"},
				"down": {"uv": [12, 6, 13.4, 8], "texture": "#0"}
			}
		},
		{
			"from": [7.3, -0.55, 15.975],
			"to": [8.675, 2.175, 22.35],
			"rotation": {"angle": 22.5, "axis": "x", "origin": [8, 1.375, 18.25]},
			"faces": {
				"north": {"uv": [14.6, 6, 16, 7.975], "texture": "#0"},
				"east": {"uv": [12, 6, 15.875, 7.975], "texture": "#0"},
				"south": {"uv": [14.6, 6, 16, 7.975], "texture": "#0"},
				"west": {"uv": [12, 6, 15.875, 7.975], "texture": "#0"},
				"up": {"uv": [8, 6, 12, 8], "rotation": 90, "texture": "#0"},
				"down": {"uv": [12, 8, 15.875, 7], "rotation": 90, "texture": "#0"}
			}
		},
		{
			"from": [7.325, 0.55, 15.325],
			"to": [8.65, 3, 22.35],
			"rotation": {"angle": 0, "axis": "y", "origin": [8, 4, 14]},
			"faces": {
				"north": {"uv": [14.6, 6, 16, 7.95], "texture": "#0"},
				"east": {"uv": [10, 6, 14, 8], "texture": "#0"},
				"south": {"uv": [8, 6, 9.4, 7.45], "texture": "#0"},
				"west": {"uv": [14, 6, 10, 8], "texture": "#0"},
				"up": {"uv": [8, 6.5, 12, 7.9], "rotation": 90, "texture": "#0"},
				"down": {"uv": [12, 6.975, 16, 8], "texture": "#0"}
			}
		},
		{
			"from": [7.5, 5.35, 10.75],
			"to": [10, 5.85, 11.25],
			"faces": {
				"north": {"uv": [4, 4, 5.5, 4.5], "texture": "#0"},
				"east": {"uv": [4, 4, 4.5, 4.5], "texture": "#0"},
				"south": {"uv": [4, 4, 5.5, 4.5], "texture": "#0"},
				"west": {"uv": [4, 4, 4.5, 4.5], "texture": "#0"},
				"up": {"uv": [4, 4, 5.5, 4.5], "texture": "#0"},
				"down": {"uv": [4, 4, 5.5, 4.5], "texture": "#0"}
			}
		},
		{
			"from": [7.75, 4.35, 1.5],
			"to": [8.25, 6.35, 2.25],
			"faces": {
				"north": {"uv": [0, 9, 1.5, 9.5], "texture": "#0"},
				"east": {"uv": [0, 9, 0.5, 9.5], "texture": "#0"},
				"south": {"uv": [0, 9, 1.5, 9.5], "texture": "#0"},
				"west": {"uv": [0, 9, 0.5, 9.5], "texture": "#0"},
				"up": {"uv": [0, 9, 1.5, 9.5], "texture": "#0"},
				"down": {"uv": [0, 9, 1.5, 9.5], "texture": "#0"}
			}
		}
	],
	"gui_light": "front",
	"display": {
		"thirdperson_righthand": {
			"translation": [0, 4.75, -2.5],
			"scale": [0.85, 0.85, 0.85]
		},
		"thirdperson_lefthand": {
			"translation": [0, 4.75, -2.5],
			"scale": [0.85, 0.85, 0.85]
		},
		"firstperson_righthand": {
			"translation": [-3, 8, -2]
		},
		"firstperson_lefthand": {
			"translation": [-3, 8, -2]
		},
		"ground": {
			"rotation": [30, 0, 0],
			"translation": [0, 8, 1]
		},
		"gui": {
			"rotation": [90, -60, 90],
			"translation": [-2, 5.75, 0]
		},
		"fixed": {
			"rotation": [90, 45, -90],
			"translation": [2.75, 4.25, 0]
		}
	}
}