{
	"credit": "Made with Blockbench",
	"textures": {
		"0": "skguns:item/skguns/shotgun2",
		"particle": "skguns:item/skguns/shotgun2"
	},
	"elements": [
		{
			"from": [7.25, 2.75, -15],
			"to": [8.75, 4.25, 11],
			"rotation": {"angle": -45, "axis": "z", "origin": [8, 2.5, 3]},
			"faces": {
				"north": {"uv": [10, 10, 16, 16], "rotation": 270, "texture": "#0"},
				"east": {"uv": [0, 0, 16, 3], "texture": "#0"},
				"south": {"uv": [0, 0, 1, 3], "texture": "#0"},
				"west": {"uv": [0, 0, 16, 3], "texture": "#0"},
				"up": {"uv": [0, 0, 16, 3], "rotation": 90, "texture": "#0"},
				"down": {"uv": [0, 0, 16, 3], "rotation": 90, "texture": "#0"}
			}
		},
		{
			"from": [7.25, 2.75, -15],
			"to": [8.75, 4.25, 11],
			"rotation": {"angle": 45, "axis": "z", "origin": [8, 2.5, 3]},
			"faces": {
				"north": {"uv": [10, 10, 16, 16], "texture": "#0"},
				"east": {"uv": [0, 0, 16, 3], "texture": "#0"},
				"south": {"uv": [0, 0, 1, 3], "texture": "#0"},
				"west": {"uv": [0, 0, 16, 3], "texture": "#0"},
				"up": {"uv": [0, 0, 16, 3], "rotation": 90, "texture": "#0"},
				"down": {"uv": [0, 0, 16, 3], "rotation": 90, "texture": "#0"}
			}
		},
		{
			"from": [7.25, 0.95, 10.25],
			"to": [8.75, 2.85, 19.2],
			"rotation": {"angle": 22.5, "axis": "x", "origin": [8, 2, 13.75]},
			"faces": {
				"north": {"uv": [0, 4, 1.5, 5.9], "rotation": 180, "texture": "#0"},
				"east": {"uv": [0, 4, 8.95, 5.9], "texture": "#0"},
				"south": {"uv": [0, 4, 1.5, 5.9], "texture": "#0"},
				"west": {"uv": [0, 4, 8.95, 5.9], "texture": "#0"},
				"up": {"uv": [0, 4, 8.95, 5.5], "rotation": 90, "texture": "#0"},
				"down": {"uv": [0, 4, 8.95, 5.5], "rotation": 90, "texture": "#0"}
			}
		},
		{
			"from": [7.25, 0.7, 14.1],
			"to": [8.75, 2.7, 19.1],
			"rotation": {"angle": 0, "axis": "x", "origin": [8, 2, 13.75]},
			"faces": {
				"north": {"uv": [0, 4, 1.5, 6], "rotation": 180, "texture": "#0"},
				"east": {"uv": [0, 4, 2, 9], "rotation": 90, "texture": "#0"},
				"south": {"uv": [0, 4, 1.5, 6], "texture": "#0"},
				"west": {"uv": [0, 4, 2, 9], "rotation": 270, "texture": "#0"},
				"up": {"uv": [0, 4, 1.5, 9], "texture": "#0"},
				"down": {"uv": [0, 4, 1.5, 9], "rotation": 180, "texture": "#0"}
			}
		},
		{
			"from": [7.5, 1.5, -2],
			"to": [8.5, 2.75, 12],
			"faces": {
				"north": {"uv": [0, 2, 1, 5], "texture": "#0"},
				"east": {"uv": [0, 2, 16, 5], "texture": "#0"},
				"south": {"uv": [0, 2, 1, 5], "texture": "#0"},
				"west": {"uv": [0, 2, 16, 5], "texture": "#0"},
				"up": {"uv": [0, 3, 16, 4], "rotation": 90, "texture": "#0"},
				"down": {"uv": [0, 4, 16, 5], "rotation": 90, "texture": "#0"}
			}
		}
	],
	"gui_light": "front",
	"display": {
		"thirdperson_righthand": {
			"translation": [0, 4.25, 0],
			"scale": [0.7, 0.7, 0.7]
		},
		"thirdperson_lefthand": {
			"translation": [0, 4.25, 0],
			"scale": [0.7, 0.7, 0.7]
		},
		"firstperson_righthand": {
			"translation": [-2, 8, -2]
		},
		"firstperson_lefthand": {
			"translation": [-2, 8, -2]
		},
		"ground": {
			"rotation": [45, 0, 0],
			"translation": [0, 8, 7.5]
		},
		"gui": {
			"rotation": [90, -60, 90],
			"translation": [-8.5, 2.25, 0]
		},
		"fixed": {
			"rotation": [90, 45, -90],
			"translation": [8, 0, 0]
		}
	}
}