{
	"credit": "Made with Blockbench",
	"textures": {
		"0": "skguns:item/skguns/shotgun1",
		"particle": "skguns:item/skguns/shotgun1"
	},
	"elements": [
		{
			"from": [7.5, 3, 0],
			"to": [8.5, 5, 12],
			"faces": {
				"north": {"uv": [0, 2, 1, 4], "texture": "#0"},
				"east": {"uv": [12, 2, 0, 5], "texture": "#0"},
				"south": {"uv": [11, 2, 12, 4], "texture": "#0"},
				"west": {"uv": [0, 2, 12, 5], "texture": "#0"},
				"up": {"uv": [0, 2, 12, 3], "rotation": 90, "texture": "#0"},
				"down": {"uv": [12, 4, 0, 7], "rotation": 90, "texture": "#0"}
			}
		},
		{
			"from": [7.45, 2.25, 11.25],
			"to": [8.55, 4, 18.75],
			"rotation": {"angle": 22.5, "axis": "x", "origin": [8, 3.5, 13.5]},
			"faces": {
				"north": {"uv": [0, 9, 1.1, 11], "texture": "#0"},
				"east": {"uv": [0, 9, 7.5, 11], "texture": "#0"},
				"south": {"uv": [0, 9, 1.1, 11], "texture": "#0"},
				"west": {"uv": [0, 9, 7.5, 11], "texture": "#0"},
				"up": {"uv": [0, 9, 7.5, 10], "rotation": 90, "texture": "#0"},
				"down": {"uv": [0, 10, 7.5, 11], "rotation": 90, "texture": "#0"}
			}
		},
		{
			"from": [7.5, 1.75, 14.5],
			"to": [8.5, 3.65, 18.5],
			"rotation": {"angle": 0, "axis": "x", "origin": [8, 3.5, 13.5]},
			"faces": {
				"north": {"uv": [0, 9, 1.1, 9.9], "texture": "#0"},
				"east": {"uv": [0, 9, 4, 9.9], "texture": "#0"},
				"south": {"uv": [0, 9, 1.1, 9.9], "texture": "#0"},
				"west": {"uv": [0, 9, 4, 9.9], "texture": "#0"},
				"up": {"uv": [0, 9, 4, 10], "rotation": 90, "texture": "#0"},
				"down": {"uv": [0, 9, 4, 10.1], "rotation": 90, "texture": "#0"}
			}
		},
		{
			"from": [7.25, 3.75, -5],
			"to": [8.75, 5.25, 9],
			"rotation": {"angle": 45, "axis": "z", "origin": [8, 4.5, 3.5]},
			"faces": {
				"north": {"uv": [10, 10, 16, 16], "texture": "#0"},
				"east": {"uv": [14, 0, 0, 1], "texture": "#0"},
				"south": {"uv": [12, 0, 13.5, 1.5], "texture": "#0"},
				"west": {"uv": [0, 1, 14, 2], "texture": "#0"},
				"up": {"uv": [0, 0, 14, 1], "rotation": 90, "texture": "#0"},
				"down": {"uv": [14, 1, 0, 2], "rotation": 90, "texture": "#0"}
			}
		},
		{
			"from": [7.25, 2.75, 0.5],
			"to": [8.75, 4.25, 5.5],
			"faces": {
				"north": {"uv": [5, 7, 7, 9], "texture": "#0"},
				"east": {"uv": [0, 7, 5, 9], "texture": "#0"},
				"south": {"uv": [5, 7, 7, 9], "texture": "#0"},
				"west": {"uv": [0, 7, 5, 9], "texture": "#0"},
				"up": {"uv": [0, 7, 5, 8], "rotation": 90, "texture": "#0"},
				"down": {"uv": [0, 8, 5, 9], "rotation": 90, "texture": "#0"}
			}
		}
	],
	"gui_light": "front",
	"display": {
		"thirdperson_righthand": {
			"translation": [0, 3.5, -2],
			"scale": [0.8, 0.8, 0.8]
		},
		"thirdperson_lefthand": {
			"translation": [0, 3.5, -2],
			"scale": [0.8, 0.8, 0.8]
		},
		"firstperson_righthand": {
			"translation": [-2, 7.5, 0]
		},
		"firstperson_lefthand": {
			"translation": [-2, 7.5, 0]
		},
		"ground": {
			"rotation": [30, 0, 0],
			"translation": [0, 8, 3.25]
		},
		"gui": {
			"rotation": [90, -60, 90],
			"translation": [-3.25, 3.5, 0]
		},
		"fixed": {
			"rotation": [90, 45, -90],
			"translation": [4, 2.5, 0]
		}
	}
}