{
	"credit": "Made with Blockbench",
	"textures": {
		"0": "skguns:item/skguns/shotgun3",
		"particle": "skguns:item/skguns/shotgun3"
	},
	"elements": [
		{
			"from": [6.85, 2, -1],
			"to": [9.15, 5.5, 12.5],
			"rotation": {"angle": 0, "axis": "y", "origin": [0, 0, -3]},
			"faces": {
				"north": {"uv": [13.5, 0, 16, 5], "texture": "#0"},
				"east": {"uv": [13.5, 0, 0, 5], "texture": "#0"},
				"south": {"uv": [13.5, 0, 16, 5], "texture": "#0"},
				"west": {"uv": [0, 0, 13.5, 5], "texture": "#0"},
				"up": {"uv": [0, 0, 13.5, 1.5], "rotation": 90, "texture": "#0"},
				"down": {"uv": [12, 4, 0, 5], "rotation": 90, "texture": "#0"}
			}
		},
		{
			"from": [6.775, 1.75, 12.5],
			"to": [9.225, 5.25, 20.75],
			"rotation": {"angle": 0, "axis": "y", "origin": [0, 0, -3]},
			"faces": {
				"north": {"uv": [0, 0, 2.45, 1.75], "texture": "#0"},
				"east": {"uv": [2.5, 3, 16, 4], "texture": "#0"},
				"south": {"uv": [0, 0, 2.45, 1.75], "texture": "#0"},
				"west": {"uv": [16, 3, 2.5, 4], "texture": "#0"},
				"up": {"uv": [16, 3, 2.5, 3.95], "rotation": 90, "texture": "#0"},
				"down": {"uv": [2.5, 3, 16, 3.95], "rotation": 90, "texture": "#0"}
			}
		},
		{
			"from": [6.75, 0.25, 12],
			"to": [9.25, 3.5, 20.55],
			"rotation": {"angle": 22.5, "axis": "x", "origin": [8, 2.25, 16.75]},
			"faces": {
				"north": {"uv": [0, 0.5, 2.5, 5], "texture": "#0"},
				"east": {"uv": [0, 0.5, 16, 5], "texture": "#0"},
				"south": {"uv": [0, 0.5, 2.5, 5], "texture": "#0"},
				"west": {"uv": [16, 0.5, 0, 5], "texture": "#0"},
				"up": {"uv": [0, 0, 8.75, 1.5], "rotation": 90, "texture": "#0"},
				"down": {"uv": [0, 4, 8.75, 5], "rotation": 90, "texture": "#0"}
			}
		},
		{
			"from": [7, 1, 0.5],
			"to": [9, 2, 11],
			"rotation": {"angle": 0, "axis": "y", "origin": [0, 0, -3]},
			"faces": {
				"north": {"uv": [0, 2, 2, 3], "texture": "#0"},
				"east": {"uv": [0, 2, 5, 3], "texture": "#0"},
				"south": {"uv": [0, 2, 2, 3], "texture": "#0"},
				"west": {"uv": [0, 2, 5, 3], "texture": "#0"},
				"up": {"uv": [0, 2, 5, 3], "texture": "#0"},
				"down": {"uv": [0, 2, 5, 3], "texture": "#0"}
			}
		},
		{
			"from": [6.1, -2, 1.5],
			"to": [7.9, 2, 3],
			"rotation": {"angle": -22.5, "axis": "z", "origin": [8, 0, 2.25]},
			"faces": {
				"north": {"uv": [0, 5, 2, 6], "texture": "#0"},
				"east": {"uv": [11, 5, 16, 6], "texture": "#0"},
				"south": {"uv": [9, 5, 11, 6], "texture": "#0"},
				"west": {"uv": [0, 5, 5, 6], "texture": "#0"},
				"up": {"uv": [4, 5, 9, 6], "texture": "#0"},
				"down": {"uv": [3, 5, 8, 6], "texture": "#0"}
			}
		},
		{
			"from": [7, -2.5, 10],
			"to": [9, 2.5, 12],
			"rotation": {"angle": -22.5, "axis": "x", "origin": [8, 1, 12.5]},
			"faces": {
				"north": {"uv": [0, 6, 2, 11], "rotation": 180, "texture": "#0"},
				"east": {"uv": [0, 6, 2, 11], "texture": "#0"},
				"south": {"uv": [0, 6, 2, 11], "texture": "#0"},
				"west": {"uv": [0, 6, 2, 11], "rotation": 180, "texture": "#0"},
				"up": {"uv": [0, 6, 2, 7], "rotation": 180, "texture": "#0"},
				"down": {"uv": [0, 11, 2, 13], "texture": "#0"}
			}
		},
		{
			"from": [7.25, 3, -6.5],
			"to": [8.75, 4.5, -1],
			"rotation": {"angle": -45, "axis": "z", "origin": [8, 3.75, -2.75]},
			"faces": {
				"north": {"uv": [3, 10, 9, 16], "rotation": 90, "texture": "#0"},
				"east": {"uv": [0, 13, 4, 16], "texture": "#0"},
				"south": {"uv": [3, 10, 9, 16], "rotation": 270, "texture": "#0"},
				"west": {"uv": [0, 13, 4, 16], "texture": "#0"},
				"up": {"uv": [0, 13, 4, 16], "rotation": 270, "texture": "#0"},
				"down": {"uv": [0, 13, 4, 16], "rotation": 270, "texture": "#0"}
			}
		},
		{
			"from": [7.55, 3.3, -6.2],
			"to": [8.45, 4.2, -1.3],
			"rotation": {"angle": -45, "axis": "z", "origin": [8, 3.75, -2.75]},
			"faces": {
				"north": {"uv": [4, 6, 6, 8], "rotation": 90, "texture": "#0"},
				"east": {"uv": [4, 6, 6, 8], "texture": "#0"},
				"south": {"uv": [4, 6, 6, 8], "rotation": 270, "texture": "#0"},
				"west": {"uv": [4, 6, 6, 8], "texture": "#0"},
				"up": {"uv": [4, 6, 6, 8], "rotation": 270, "texture": "#0"},
				"down": {"uv": [4, 6, 6, 8], "rotation": 270, "texture": "#0"}
			}
		},
		{
			"from": [5, -2.08579, 5.75],
			"to": [11, 3.91421, 8.25],
			"rotation": {"angle": 0, "axis": "z", "origin": [8, -0.08579, 5]},
			"faces": {
				"north": {"uv": [16, 16, 11, 11], "texture": "#0"},
				"east": {"uv": [11, 6, 16, 9], "rotation": 90, "texture": "#0"},
				"south": {"uv": [11, 16, 16, 11], "texture": "#0"},
				"west": {"uv": [11, 6, 16, 9], "rotation": 90, "texture": "#0"},
				"up": {"uv": [6, 6, 11, 9], "texture": "#0"},
				"down": {"uv": [11, 9, 16, 12], "texture": "#0"}
			}
		},
		{
			"from": [5.3, -1.78579, 6.05],
			"to": [10.7, 3.61421, 7.95],
			"rotation": {"angle": 0, "axis": "z", "origin": [8, -0.08579, 5]},
			"faces": {
				"north": {"uv": [4, 6, 6, 8], "texture": "#0"},
				"east": {"uv": [4, 6, 6, 8], "rotation": 90, "texture": "#0"},
				"south": {"uv": [4, 6, 6, 8], "texture": "#0"},
				"west": {"uv": [4, 6, 6, 8], "rotation": 90, "texture": "#0"},
				"up": {"uv": [4, 6, 6, 8], "texture": "#0"},
				"down": {"uv": [4, 6, 6, 8], "texture": "#0"}
			}
		},
		{
			"from": [6.35, 4.5, 0.25],
			"to": [9.65, 5, 9],
			"faces": {
				"north": {"uv": [0, 5, 16, 6], "texture": "#0"},
				"east": {"uv": [16, 5, 0, 6], "texture": "#0"},
				"south": {"uv": [0, 5, 16, 6], "texture": "#0"},
				"west": {"uv": [0, 5, 16, 6], "texture": "#0"},
				"up": {"uv": [0, 5, 16, 6], "texture": "#0"},
				"down": {"uv": [0, 5, 16, 6], "texture": "#0"}
			}
		},
		{
			"from": [6.35, 4.5, 0],
			"to": [9.65, 5.75, 1],
			"faces": {
				"north": {"uv": [0, 5, 16, 6], "texture": "#0"},
				"east": {"uv": [0, 5, 2, 6], "texture": "#0"},
				"south": {"uv": [0, 5, 16, 6], "texture": "#0"},
				"west": {"uv": [0, 5, 2, 6], "rotation": 90, "texture": "#0"},
				"up": {"uv": [0, 5, 16, 6], "texture": "#0"},
				"down": {"uv": [0, 5, 16, 6], "texture": "#0"}
			}
		},
		{
			"from": [6.3, 2.5, 2.75],
			"to": [9.7, 3, 12.25],
			"faces": {
				"north": {"uv": [0, 5, 16, 6], "texture": "#0"},
				"east": {"uv": [0, 5, 16, 6], "texture": "#0"},
				"south": {"uv": [0, 5, 16, 6], "texture": "#0"},
				"west": {"uv": [0, 5, 16, 6], "texture": "#0"},
				"up": {"uv": [0, 5, 16, 6], "texture": "#0"},
				"down": {"uv": [0, 5, 16, 6], "texture": "#0"}
			}
		},
		{
			"from": [6.35, 0.95, 11.75],
			"to": [9.65, 1.45, 20.5],
			"rotation": {"angle": 22.5, "axis": "x", "origin": [8, 1.25, 16]},
			"faces": {
				"north": {"uv": [0, 5, 16, 6], "texture": "#0"},
				"east": {"uv": [0, 5, 16, 6], "texture": "#0"},
				"south": {"uv": [0, 5, 16, 6], "texture": "#0"},
				"west": {"uv": [0, 5, 16, 6], "texture": "#0"},
				"up": {"uv": [0, 5, 16, 6], "texture": "#0"},
				"down": {"uv": [0, 5, 16, 6], "texture": "#0"}
			}
		},
		{
			"from": [6.5, 3.25, 10.75],
			"to": [9.5, 4.75, 12.25],
			"rotation": {"angle": 45, "axis": "x", "origin": [8, 4, 11.5]},
			"faces": {
				"north": {"uv": [2, 8, 5, 9.5], "texture": "#0"},
				"east": {"uv": [2, 6, 3.5, 7.5], "rotation": 90, "texture": "#0"},
				"south": {"uv": [2, 9, 5, 9.5], "texture": "#0"},
				"west": {"uv": [2, 6, 3.5, 7.5], "texture": "#0"},
				"up": {"uv": [2, 8, 5, 9.5], "texture": "#0"},
				"down": {"uv": [2, 9, 5, 9.5], "texture": "#0"}
			}
		}
	],
	"gui_light": "front",
	"display": {
		"thirdperson_righthand": {
			"translation": [0, 5, -0.5],
			"scale": [0.8, 0.8, 0.8]
		},
		"thirdperson_lefthand": {
			"translation": [0, 5, -0.5],
			"scale": [0.8, 0.8, 0.8]
		},
		"firstperson_righthand": {
			"translation": [-2, 7, -2]
		},
		"firstperson_lefthand": {
			"translation": [-2, 7, -2]
		},
		"ground": {
			"rotation": [45, 0, 0],
			"translation": [0, 12.5, 2.5]
		},
		"gui": {
			"rotation": [90, -60, 80],
			"translation": [-2.5, 4.5, 0]
		},
		"fixed": {
			"rotation": [90, 45, -90],
			"translation": [3.25, 3.5, 0]
		}
	}
}