{
	"credit": "Made with Blockbench",
	"textures": {
		"0": "skguns:item/skguns/smg1",
		"particle": "skguns:item/skguns/smg1"
	},
	"elements": [
		{
			"from": [7.25, 3, 7],
			"to": [8.75, 5.5, 13.5],
			"faces": {
				"north": {"uv": [10, 0, 9, 3], "texture": "#0"},
				"east": {"uv": [11, 0, 4, 3], "texture": "#0"},
				"south": {"uv": [9, 0, 10, 3], "texture": "#0"},
				"west": {"uv": [4, 0, 11, 3], "texture": "#0"},
				"up": {"uv": [4, 3, 11, 4], "rotation": 90, "texture": "#0"},
				"down": {"uv": [6, 4, 8, 5], "rotation": 90, "texture": "#0"}
			}
		},
		{
			"from": [7.35, -0.5, 12],
			"to": [8.65, 4, 14],
			"rotation": {"angle": -22.5, "axis": "x", "origin": [8, 2, 13]},
			"faces": {
				"north": {"uv": [3, 4, 4.3, 8.5], "texture": "#0"},
				"east": {"uv": [3, 4, 5, 8.5], "texture": "#0"},
				"south": {"uv": [3, 4, 4.3, 8.5], "texture": "#0"},
				"west": {"uv": [3, 4, 5, 8.5], "texture": "#0"},
				"up": {"uv": [3, 4, 4.3, 6], "texture": "#0"},
				"down": {"uv": [3, 4, 4.3, 6], "texture": "#0"}
			}
		},
		{
			"from": [7.5, 4, 13.5],
			"to": [8.5, 5, 19.5],
			"rotation": {"angle": 0, "axis": "y", "origin": [0, -0.75, 0]},
			"faces": {
				"north": {"uv": [15, 0, 16, 1], "texture": "#0"},
				"east": {"uv": [11, 0, 16, 1], "texture": "#0"},
				"south": {"uv": [15, 0, 16, 1], "texture": "#0"},
				"west": {"uv": [11, 0, 16, 1], "texture": "#0"},
				"up": {"uv": [11, 0, 16, 1], "rotation": 90, "texture": "#0"},
				"down": {"uv": [11, 0, 16, 1], "rotation": 90, "texture": "#0"}
			}
		},
		{
			"from": [7.5, 1, 18.5],
			"to": [8.5, 5, 19.5],
			"rotation": {"angle": 0, "axis": "y", "origin": [0, -0.75, 0]},
			"faces": {
				"north": {"uv": [15, 0, 16, 4], "texture": "#0"},
				"east": {"uv": [15, 0, 16, 4], "texture": "#0"},
				"south": {"uv": [15, 0, 16, 4], "texture": "#0"},
				"west": {"uv": [15, 0, 16, 4], "texture": "#0"},
				"up": {"uv": [15, 0, 16, 1], "texture": "#0"},
				"down": {"uv": [15, 0, 16, 1], "texture": "#0"}
			}
		},
		{
			"from": [7.5, 2, 13],
			"to": [8.5, 3, 19.5],
			"rotation": {"angle": 22.5, "axis": "x", "origin": [8, 2.5, 16.5]},
			"faces": {
				"north": {"uv": [11, 0, 12, 1], "texture": "#0"},
				"east": {"uv": [11, 0, 16, 1], "texture": "#0"},
				"south": {"uv": [11, 0, 12, 1], "texture": "#0"},
				"west": {"uv": [11, 0, 16, 1], "texture": "#0"},
				"up": {"uv": [11, 0, 16, 1], "rotation": 90, "texture": "#0"},
				"down": {"uv": [11, 0, 16, 1], "rotation": 90, "texture": "#0"}
			}
		},
		{
			"from": [7.5, 2.25, 9],
			"to": [8.5, 3, 12],
			"faces": {
				"north": {"uv": [0, 4, 1, 4.75], "texture": "#0"},
				"east": {"uv": [0, 4, 3, 4.75], "texture": "#0"},
				"south": {"uv": [0, 4, 1, 4.75], "texture": "#0"},
				"west": {"uv": [0, 4, 3, 4.75], "texture": "#0"},
				"up": {"uv": [0, 4, 1, 7], "texture": "#0"},
				"down": {"uv": [0, 4, 1, 7], "texture": "#0"}
			}
		},
		{
			"from": [7.25, 2, 7],
			"to": [8.75, 3, 9.5],
			"faces": {
				"north": {"uv": [3, 4, 4.5, 5], "texture": "#0"},
				"east": {"uv": [3, 4, 4.5, 5], "texture": "#0"},
				"south": {"uv": [3, 4, 4.5, 5], "texture": "#0"},
				"west": {"uv": [3, 4, 4.5, 5], "texture": "#0"},
				"up": {"uv": [3, 4, 4.5, 6.5], "texture": "#0"},
				"down": {"uv": [3, 4, 4.5, 6.5], "texture": "#0"}
			}
		},
		{
			"from": [7.5, -4, 7.25],
			"to": [8.5, 2.75, 9.25],
			"rotation": {"angle": 0, "axis": "x", "origin": [8, -0.5, 7.5]},
			"faces": {
				"north": {"uv": [0, 4, 1, 10.75], "texture": "#0"},
				"east": {"uv": [0, 4, 2, 10.75], "texture": "#0"},
				"south": {"uv": [0, 4, 1, 10.75], "texture": "#0"},
				"west": {"uv": [0, 4, 2, 10.75], "texture": "#0"},
				"up": {"uv": [0, 4, 1, 6], "texture": "#0"},
				"down": {"uv": [0, 4, 1, 6], "texture": "#0"}
			}
		},
		{
			"from": [7.4, 2.5, 3.75],
			"to": [8.6, 3, 6.25],
			"faces": {
				"north": {"uv": [3, 4, 4.2, 4.5], "texture": "#0"},
				"east": {"uv": [3, 4, 5.5, 4.5], "texture": "#0"},
				"south": {"uv": [3, 4, 4.2, 4.5], "texture": "#0"},
				"west": {"uv": [3, 4, 5.5, 4.5], "texture": "#0"},
				"up": {"uv": [3, 4, 4.2, 6.5], "texture": "#0"},
				"down": {"uv": [3, 4, 4.2, 6.5], "texture": "#0"}
			}
		},
		{
			"from": [7.5, 0, 4.5],
			"to": [8.5, 3, 5.5],
			"faces": {
				"north": {"uv": [0, 4, 1, 7], "texture": "#0"},
				"east": {"uv": [0, 4, 1, 7], "texture": "#0"},
				"south": {"uv": [0, 4, 1, 7], "texture": "#0"},
				"west": {"uv": [0, 4, 1, 7], "texture": "#0"},
				"up": {"uv": [0, 4, 1, 5], "texture": "#0"},
				"down": {"uv": [0, 4, 1, 5], "texture": "#0"}
			}
		},
		{
			"from": [7.5, 3.75, 1],
			"to": [8.5, 4.75, 3],
			"faces": {
				"north": {"uv": [11, 0, 12, 1], "texture": "#0"},
				"east": {"uv": [11, 0, 13, 1], "texture": "#0"},
				"south": {"uv": [11, 0, 12, 1], "texture": "#0"},
				"west": {"uv": [11, 0, 13, 1], "texture": "#0"},
				"up": {"uv": [11, 0, 12, 2], "texture": "#0"},
				"down": {"uv": [11, 0, 12, 2], "texture": "#0"}
			}
		},
		{
			"from": [7.3, 3, 3],
			"to": [8.7, 5.25, 7],
			"faces": {
				"north": {"uv": [0, 1, 0.9, 4], "texture": "#0"},
				"east": {"uv": [0, 1, 4, 4], "texture": "#0"},
				"south": {"uv": [0, 1, 0.9, 4], "texture": "#0"},
				"west": {"uv": [4, 1, 0, 4], "texture": "#0"},
				"up": {"uv": [4, 0, 0, 0.9], "rotation": 90, "texture": "#0"},
				"down": {"uv": [4, 0, 11, 1], "rotation": 90, "texture": "#0"}
			}
		},
		{
			"from": [7.5, 4.5, 12],
			"to": [8.5, 5.5, 15.25],
			"rotation": {"angle": 22.5, "axis": "x", "origin": [8, 5.375, 14]},
			"faces": {
				"north": {"uv": [11, 0, 12, 0.75], "texture": "#0"},
				"east": {"uv": [11, 0, 13, 0.75], "texture": "#0"},
				"south": {"uv": [11, 0, 12, 0.75], "texture": "#0"},
				"west": {"uv": [11, 0, 13, 0.75], "texture": "#0"},
				"up": {"uv": [11, 0, 12, 2], "texture": "#0"},
				"down": {"uv": [11, 0, 12, 2], "texture": "#0"}
			}
		}
	],
	"gui_light": "front",
	"display": {
		"thirdperson_righthand": {
			"translation": [0, 4, -2],
			"scale": [0.8, 0.8, 0.8]
		},
		"thirdperson_lefthand": {
			"translation": [0, 4, -2],
			"scale": [0.8, 0.8, 0.8]
		},
		"firstperson_righthand": {
			"translation": [-2, 7, -1.5]
		},
		"firstperson_lefthand": {
			"translation": [-2, 7, -1.5]
		},
		"ground": {
			"rotation": [45, 0, 0],
			"translation": [0, 8, 1.5]
		},
		"gui": {
			"rotation": [90, -60, 90],
			"translation": [0, 5.5, 0]
		},
		"fixed": {
			"rotation": [90, 45, -90],
			"translation": [1, 5.25, 0]
		}
	}
}