{
	"credit": "Made with Blockbench",
	"textures": {
		"0": "skguns:item/skguns/smg2",
		"particle": "skguns:item/skguns/smg2"
	},
	"elements": [
		{
			"from": [7.25, -0.66421, 5],
			"to": [8.75, 0.08579, 9],
			"rotation": {"angle": 45, "axis": "x", "origin": [8, 1.5, 7]},
			"faces": {
				"north": {"uv": [0, 5, 4, 8], "texture": "#0"},
				"east": {"uv": [0, 3, 4, 3.75], "texture": "#0"},
				"south": {"uv": [0, 5, 4, 8], "texture": "#0"},
				"west": {"uv": [0, 3, 4, 3.75], "texture": "#0"},
				"up": {"uv": [0, 5, 4, 8], "rotation": 90, "texture": "#0"},
				"down": {"uv": [0, 5, 4, 8], "rotation": 90, "texture": "#0"}
			}
		},
		{
			"from": [7.25, -0.5, 8.41421],
			"to": [8.75, 3.5, 9.16421],
			"rotation": {"angle": 45, "axis": "x", "origin": [8, 1.5, 7]},
			"faces": {
				"north": {"uv": [0, 5, 4, 8], "rotation": 90, "texture": "#0"},
				"east": {"uv": [0, 3, 4, 3.75], "rotation": 90, "texture": "#0"},
				"south": {"uv": [0, 5, 4, 8], "rotation": 90, "texture": "#0"},
				"west": {"uv": [0, 3, 4, 3.75], "rotation": 270, "texture": "#0"},
				"up": {"uv": [0, 5, 4, 8], "rotation": 90, "texture": "#0"},
				"down": {"uv": [0, 5, 4, 8], "rotation": 90, "texture": "#0"}
			}
		},
		{
			"from": [7.85, 2.16421, 6.25],
			"to": [8.15, 2.41421, 7.75],
			"rotation": {"angle": 0, "axis": "x", "origin": [8, 1.5, 7]},
			"faces": {
				"north": {"uv": [0, 6, 0.25, 6.3], "rotation": 90, "texture": "#0"},
				"east": {"uv": [0, 6, 1.5, 6.25], "rotation": 180, "texture": "#0"},
				"south": {"uv": [0, 6, 0.25, 6.3], "rotation": 90, "texture": "#0"},
				"west": {"uv": [0, 6, 1.5, 6.25], "rotation": 180, "texture": "#0"},
				"up": {"uv": [0, 6, 1.5, 6.3], "rotation": 90, "texture": "#0"},
				"down": {"uv": [0, 6, 1.5, 6.3], "rotation": 90, "texture": "#0"}
			}
		},
		{
			"from": [7.85, 0.75, 6.08579],
			"to": [8.15, 2.25, 6.33579],
			"rotation": {"angle": 0, "axis": "x", "origin": [8, 1.5, 7]},
			"faces": {
				"north": {"uv": [0, 6, 1.5, 6.3], "rotation": 90, "texture": "#0"},
				"east": {"uv": [0, 6, 1.5, 6.25], "rotation": 270, "texture": "#0"},
				"south": {"uv": [0, 6, 1.5, 6.3], "rotation": 90, "texture": "#0"},
				"west": {"uv": [0, 6, 1.5, 6.25], "rotation": 90, "texture": "#0"},
				"up": {"uv": [0, 6, 0.25, 6.3], "rotation": 90, "texture": "#0"},
				"down": {"uv": [0, 6, 0.25, 6.3], "rotation": 90, "texture": "#0"}
			}
		},
		{
			"from": [7.85, 0.58579, 6.25],
			"to": [8.15, 0.83579, 7.75],
			"rotation": {"angle": 0, "axis": "x", "origin": [8, 1.5, 7]},
			"faces": {
				"north": {"uv": [0, 6, 0.25, 6.3], "rotation": 90, "texture": "#0"},
				"east": {"uv": [0, 6, 1.5, 6.25], "texture": "#0"},
				"south": {"uv": [0, 6, 0.25, 6.3], "rotation": 90, "texture": "#0"},
				"west": {"uv": [0, 6, 1.5, 6.25], "texture": "#0"},
				"up": {"uv": [0, 6, 1.5, 6.3], "rotation": 90, "texture": "#0"},
				"down": {"uv": [0, 6, 1.5, 6.3], "rotation": 90, "texture": "#0"}
			}
		},
		{
			"from": [7.85, 0.75, 7.66421],
			"to": [8.15, 2.25, 7.91421],
			"rotation": {"angle": 0, "axis": "x", "origin": [8, 1.5, 7]},
			"faces": {
				"north": {"uv": [0, 6, 1.5, 6.3], "rotation": 90, "texture": "#0"},
				"east": {"uv": [0, 6, 1.5, 6.25], "rotation": 90, "texture": "#0"},
				"south": {"uv": [0, 6, 1.5, 6.3], "rotation": 90, "texture": "#0"},
				"west": {"uv": [0, 6, 1.5, 6.25], "rotation": 270, "texture": "#0"},
				"up": {"uv": [0, 6, 0.25, 6.3], "rotation": 90, "texture": "#0"},
				"down": {"uv": [0, 6, 0.25, 6.3], "rotation": 90, "texture": "#0"}
			}
		},
		{
			"from": [7.25, -0.5, 8.41421],
			"to": [8.75, 3.5, 9.16421],
			"rotation": {"angle": -45, "axis": "x", "origin": [8, 1.5, 7]},
			"faces": {
				"north": {"uv": [0, 5, 4, 8], "rotation": 90, "texture": "#0"},
				"east": {"uv": [0, 3, 4, 3.75], "rotation": 90, "texture": "#0"},
				"south": {"uv": [0, 5, 4, 8], "rotation": 90, "texture": "#0"},
				"west": {"uv": [0, 3, 4, 3.75], "rotation": 270, "texture": "#0"},
				"up": {"uv": [0, 5, 4, 8], "texture": "#0"},
				"down": {"uv": [0, 5, 4, 8], "rotation": 180, "texture": "#0"}
			}
		},
		{
			"from": [7.25, 2.91421, 5],
			"to": [8.75, 3.66421, 9],
			"rotation": {"angle": -45, "axis": "x", "origin": [8, 1.5, 7]},
			"faces": {
				"north": {"uv": [0, 5, 4, 8], "rotation": 180, "texture": "#0"},
				"east": {"uv": [0, 3, 4, 3.75], "rotation": 180, "texture": "#0"},
				"south": {"uv": [0, 5, 4, 8], "rotation": 180, "texture": "#0"},
				"west": {"uv": [0, 3, 4, 3.75], "rotation": 180, "texture": "#0"},
				"up": {"uv": [0, 5, 4, 8], "rotation": 90, "texture": "#0"},
				"down": {"uv": [0, 5, 4, 8], "rotation": 90, "texture": "#0"}
			}
		},
		{
			"from": [7, 2.25, -1],
			"to": [9, 4.5, 7],
			"faces": {
				"north": {"uv": [8, 0, 10, 4], "texture": "#0"},
				"east": {"uv": [0, 0, 8, 3], "texture": "#0"},
				"south": {"uv": [14, 0, 16, 2.25], "texture": "#0"},
				"west": {"uv": [0, 0, 8, 3], "texture": "#0"},
				"up": {"uv": [0, 0, 8, 2], "rotation": 90, "texture": "#0"},
				"down": {"uv": [14, 0, 16, 8], "texture": "#0"}
			}
		},
		{
			"from": [9, 2.25, -1],
			"to": [7, 4.5, 7],
			"faces": {
				"north": {"uv": [0, 0, 2, 3], "texture": "#0"},
				"east": {"uv": [0, 0, 8, 3], "texture": "#0"},
				"south": {"uv": [14, 0, 16, 2.25], "texture": "#0"},
				"west": {"uv": [0, 0, 8, 3], "texture": "#0"},
				"up": {"uv": [0, 0, 8, 2], "rotation": 90, "texture": "#0"},
				"down": {"uv": [14, 0, 16, 8], "texture": "#0"}
			}
		},
		{
			"from": [7.35, 1.7, -2],
			"to": [8.65, 3, 5],
			"faces": {
				"north": {"uv": [0, 10, 6, 16], "texture": "#0"},
				"east": {"uv": [0, 5, 5, 8], "texture": "#0"},
				"south": {"uv": [0, 10, 6, 16], "texture": "#0"},
				"west": {"uv": [5, 5, 0, 8], "texture": "#0"},
				"up": {"uv": [5, 5, 0, 8], "rotation": 90, "texture": "#0"},
				"down": {"uv": [0, 5, 5, 8], "rotation": 90, "texture": "#0"}
			}
		},
		{
			"from": [7.4, 0.65, 1],
			"to": [8.6, 1.6, 5],
			"faces": {
				"north": {"uv": [6, 10, 7.2, 10.95], "texture": "#0"},
				"east": {"uv": [6, 10, 10, 10.95], "texture": "#0"},
				"south": {"uv": [6, 10, 7.2, 10.95], "texture": "#0"},
				"west": {"uv": [6, 10, 10, 10.95], "texture": "#0"},
				"up": {"uv": [6, 10, 7.2, 14], "texture": "#0"},
				"down": {"uv": [6, 10, 7.2, 14], "texture": "#0"}
			}
		},
		{
			"from": [7.5, -2.5, 3.25],
			"to": [8.5, 1.5, 4.25],
			"rotation": {"angle": -45, "axis": "x", "origin": [8, -0.5, 3.5]},
			"faces": {
				"north": {"uv": [6, 14, 7, 15], "texture": "#0"},
				"east": {"uv": [6, 14, 7, 15], "texture": "#0"},
				"south": {"uv": [6, 14, 7, 15], "texture": "#0"},
				"west": {"uv": [6, 14, 7, 15], "texture": "#0"},
				"up": {"uv": [6, 14, 7, 15], "texture": "#0"},
				"down": {"uv": [6, 14, 7, 15], "texture": "#0"}
			}
		},
		{
			"from": [7.4, 1.5, 12],
			"to": [8.6, 3.5, 14],
			"rotation": {"angle": 45, "axis": "x", "origin": [8, 2.5, 13]},
			"faces": {
				"north": {"uv": [0, 8, 1.2, 10], "texture": "#0"},
				"east": {"uv": [0, 8, 2, 10], "texture": "#0"},
				"south": {"uv": [0, 8, 1.2, 10], "texture": "#0"},
				"west": {"uv": [0, 8, 2, 10], "texture": "#0"},
				"up": {"uv": [0, 8, 1.2, 10], "texture": "#0"},
				"down": {"uv": [0, 8, 1.2, 10], "texture": "#0"}
			}
		},
		{
			"from": [6.9, -2.7, 6.55],
			"to": [9.1, -1.3, 7.95],
			"rotation": {"angle": 45, "axis": "x", "origin": [8, 2.5, 13]},
			"faces": {
				"north": {"uv": [0, 8, 1.45, 9.4], "texture": "#0"},
				"east": {"uv": [0, 8, 1.4, 9.4], "texture": "#0"},
				"south": {"uv": [0, 8, 1.45, 9.4], "texture": "#0"},
				"west": {"uv": [0, 8, 1.4, 9.4], "texture": "#0"},
				"up": {"uv": [0, 8, 1.45, 9.4], "texture": "#0"},
				"down": {"uv": [0, 8, 1.45, 9.4], "texture": "#0"}
			}
		},
		{
			"from": [7.5, 3, 7.5],
			"to": [8.5, 4, 14.5],
			"faces": {
				"north": {"uv": [6, 14, 7, 15], "texture": "#0"},
				"east": {"uv": [6, 14, 7, 15], "texture": "#0"},
				"south": {"uv": [6, 14, 7, 15], "texture": "#0"},
				"west": {"uv": [6, 14, 7, 15], "texture": "#0"},
				"up": {"uv": [6, 14, 7, 15], "texture": "#0"},
				"down": {"uv": [6, 14, 7, 15], "texture": "#0"}
			}
		},
		{
			"from": [7.5, 2, 8.5],
			"to": [8.5, 3, 14.5],
			"faces": {
				"north": {"uv": [6, 14, 7, 15], "texture": "#0"},
				"east": {"uv": [6, 14, 7, 15], "texture": "#0"},
				"south": {"uv": [6, 14, 7, 15], "texture": "#0"},
				"west": {"uv": [6, 14, 7, 15], "texture": "#0"},
				"up": {"uv": [6, 14, 7, 15], "texture": "#0"},
				"down": {"uv": [6, 14, 7, 15], "texture": "#0"}
			}
		},
		{
			"from": [7.5, 1, 11.6],
			"to": [8.5, 2, 14.5],
			"faces": {
				"north": {"uv": [6, 14, 7, 15], "texture": "#0"},
				"east": {"uv": [6, 14, 7, 15], "texture": "#0"},
				"south": {"uv": [6, 14, 7, 15], "texture": "#0"},
				"west": {"uv": [6, 14, 7, 15], "texture": "#0"},
				"up": {"uv": [6, 14, 7, 15], "texture": "#0"},
				"down": {"uv": [6, 14, 7, 15], "texture": "#0"}
			}
		},
		{
			"from": [7.5, 0, 12.6],
			"to": [8.5, 1, 14.5],
			"faces": {
				"north": {"uv": [6, 14, 7, 15], "texture": "#0"},
				"east": {"uv": [6, 14, 7, 15], "texture": "#0"},
				"south": {"uv": [6, 14, 7, 15], "texture": "#0"},
				"west": {"uv": [6, 14, 7, 15], "texture": "#0"},
				"up": {"uv": [6, 14, 7, 15], "texture": "#0"},
				"down": {"uv": [6, 14, 7, 15], "texture": "#0"}
			}
		},
		{
			"from": [7.5, -1, 11.25],
			"to": [8.5, 0, 14.5],
			"faces": {
				"north": {"uv": [6, 14, 7, 15], "texture": "#0"},
				"east": {"uv": [6, 14, 7, 15], "texture": "#0"},
				"south": {"uv": [6, 14, 7, 15], "texture": "#0"},
				"west": {"uv": [6, 14, 7, 15], "texture": "#0"},
				"up": {"uv": [6, 14, 7, 15], "texture": "#0"},
				"down": {"uv": [6, 14, 7, 15], "texture": "#0"}
			}
		},
		{
			"from": [7.5, -7, 10.25],
			"to": [8.5, -3.5, 11],
			"rotation": {"angle": -45, "axis": "x", "origin": [8, -0.5, 3.5]},
			"faces": {
				"north": {"uv": [6, 14, 7, 15], "texture": "#0"},
				"east": {"uv": [6, 14, 7, 15], "texture": "#0"},
				"south": {"uv": [6, 14, 7, 15], "texture": "#0"},
				"west": {"uv": [6, 14, 7, 15], "texture": "#0"},
				"up": {"uv": [6, 14, 7, 15], "texture": "#0"},
				"down": {"uv": [6, 14, 7, 15], "texture": "#0"}
			}
		},
		{
			"from": [7.5, -7, 9],
			"to": [8.5, -0.5, 9.5],
			"rotation": {"angle": -45, "axis": "x", "origin": [8, -0.5, 3.5]},
			"faces": {
				"north": {"uv": [6, 14, 7, 15], "texture": "#0"},
				"east": {"uv": [6, 14, 7, 15], "texture": "#0"},
				"south": {"uv": [6, 14, 7, 15], "texture": "#0"},
				"west": {"uv": [6, 14, 7, 15], "texture": "#0"},
				"up": {"uv": [6, 14, 7, 15], "texture": "#0"},
				"down": {"uv": [6, 14, 7, 15], "texture": "#0"}
			}
		},
		{
			"from": [7.5, -1.25, 7],
			"to": [8.5, -1, 14.5],
			"faces": {
				"north": {"uv": [6, 14, 7, 15], "texture": "#0"},
				"east": {"uv": [6, 14, 7, 15], "texture": "#0"},
				"south": {"uv": [6, 14, 7, 15], "texture": "#0"},
				"west": {"uv": [6, 14, 7, 15], "texture": "#0"},
				"up": {"uv": [6, 14, 7, 15], "texture": "#0"},
				"down": {"uv": [6, 14, 7, 15], "texture": "#0"}
			}
		}
	],
	"gui_light": "front",
	"display": {
		"thirdperson_righthand": {
			"translation": [0, 5.25, -1],
			"scale": [0.8, 0.8, 0.8]
		},
		"thirdperson_lefthand": {
			"translation": [0, 5.25, -1],
			"scale": [0.8, 0.8, 0.8]
		},
		"firstperson_righthand": {
			"translation": [-2, 8, 0]
		},
		"firstperson_lefthand": {
			"translation": [-2, 8, 0]
		},
		"ground": {
			"rotation": [45, 0, 0],
			"translation": [0, 8, 5.5]
		},
		"gui": {
			"rotation": [90, -60, 90],
			"translation": [-4, 5, 0]
		},
		"fixed": {
			"rotation": [90, 45, -90],
			"translation": [5.5, 3.75, 0]
		}
	},
	"groups": [
		0,
		1,
		2,
		3,
		4,
		5,
		6,
		7,
		8,
		9,
		10,
		11,
		12,
		13,
		14,
		{
			"name": "group",
			"origin": [0, 0, 0],
			"color": 0,
			"children": [15, 16, 17, 18, 19, 20, 21, 22]
		}
	]
}