{
	"credit": "Made with Blockbench",
	"textures": {
		"0": "skguns:item/skguns/smg3",
		"particle": "skguns:item/skguns/smg3"
	},
	"elements": [
		{
			"from": [7.2, 3, 4],
			"to": [8.8, 5.25, 11],
			"faces": {
				"north": {"uv": [0, 0, 2, 3], "texture": "#0"},
				"east": {"uv": [7, 0, 0, 3], "texture": "#0"},
				"south": {"uv": [0, 0, 2, 3], "texture": "#0"},
				"west": {"uv": [0, 0, 7, 3], "texture": "#0"},
				"up": {"uv": [0, 3, 7, 4.6], "rotation": 90, "texture": "#0"},
				"down": {"uv": [0, 3, 7, 4.6], "rotation": 90, "texture": "#0"}
			}
		},
		{
			"from": [7.2, 2.5, 4],
			"to": [8.8, 3, 8],
			"faces": {
				"north": {"uv": [3, 3, 5.85, 4.25], "texture": "#0"},
				"east": {"uv": [3, 3, 6, 4.25], "texture": "#0"},
				"south": {"uv": [3, 3, 5.85, 4.25], "texture": "#0"},
				"west": {"uv": [3, 3, 6, 4.25], "texture": "#0"},
				"up": {"uv": [0, 2, 4, 3.6], "rotation": 90, "texture": "#0"},
				"down": {"uv": [0, 2, 4, 3.6], "rotation": 90, "texture": "#0"}
			}
		},
		{
			"from": [7.5, -1, 7.75],
			"to": [8.5, 3, 9.5],
			"faces": {
				"north": {"uv": [8, 0, 9, 4], "texture": "#0"},
				"east": {"uv": [8, 0, 9.75, 4], "texture": "#0"},
				"south": {"uv": [8, 0, 9, 4], "texture": "#0"},
				"west": {"uv": [8, 0, 9.75, 4], "texture": "#0"},
				"up": {"uv": [8, 0, 9, 1.75], "texture": "#0"},
				"down": {"uv": [8, 0, 9, 1.75], "texture": "#0"}
			}
		},
		{
			"from": [7.6, -5, 7.85],
			"to": [8.4, 3, 9.4],
			"faces": {
				"north": {"uv": [14.45, 0, 15.25, 8], "texture": "#0"},
				"east": {"uv": [14.45, 0, 16, 8], "texture": "#0"},
				"south": {"uv": [14.45, 0, 15.25, 8], "texture": "#0"},
				"west": {"uv": [14.45, 0, 16, 8], "texture": "#0"},
				"up": {"uv": [14.45, 0, 15.25, 1.55], "texture": "#0"},
				"down": {"uv": [14.45, 0, 15.25, 1.55], "texture": "#0"}
			}
		},
		{
			"from": [7.5, 2, 4.5],
			"to": [8.5, 3, 7.75],
			"faces": {
				"north": {"uv": [8, 0, 9, 1], "texture": "#0"},
				"east": {"uv": [8, 0, 11.25, 1], "texture": "#0"},
				"south": {"uv": [8, 0, 9, 1], "texture": "#0"},
				"west": {"uv": [8, 0, 11.25, 1], "texture": "#0"},
				"up": {"uv": [8, 0, 9, 3.25], "texture": "#0"},
				"down": {"uv": [8, 0, 9, 3.25], "texture": "#0"}
			}
		},
		{
			"from": [7.6, 0, 5.65],
			"to": [8.4, 2, 6.65],
			"faces": {
				"north": {"uv": [14, 0, 14.8, 2], "texture": "#0"},
				"east": {"uv": [14, 0, 15, 2], "texture": "#0"},
				"south": {"uv": [14, 0, 14.8, 2], "texture": "#0"},
				"west": {"uv": [14, 0, 15, 2], "texture": "#0"},
				"up": {"uv": [14, 0, 14.8, 1], "texture": "#0"},
				"down": {"uv": [14, 1, 14.8, 2], "texture": "#0"}
			}
		},
		{
			"from": [7.35, 3.35, -1.5],
			"to": [8.65, 4.65, 3.5],
			"rotation": {"angle": 45, "axis": "z", "origin": [8, 4, 1.5]},
			"faces": {
				"north": {"uv": [0, 5, 1.3, 6.3], "texture": "#0"},
				"east": {"uv": [0, 5, 5, 6.3], "texture": "#0"},
				"south": {"uv": [0, 5, 1.3, 6.3], "texture": "#0"},
				"west": {"uv": [0, 5, 5, 6.3], "texture": "#0"},
				"up": {"uv": [0, 5, 5, 6.3], "rotation": 90, "texture": "#0"},
				"down": {"uv": [0, 5, 5, 6.3], "rotation": 90, "texture": "#0"}
			}
		},
		{
			"from": [7.55, 3.55, 3.5],
			"to": [8.45, 4.45, 4],
			"rotation": {"angle": 45, "axis": "z", "origin": [8, 4, 1.5]},
			"faces": {
				"north": {"uv": [5, 5, 5.9, 5.9], "texture": "#0"},
				"east": {"uv": [5, 5, 5.5, 5.9], "texture": "#0"},
				"south": {"uv": [5, 5, 5.9, 5.9], "texture": "#0"},
				"west": {"uv": [5, 5, 5.5, 5.9], "texture": "#0"},
				"up": {"uv": [5, 5, 5.9, 5.5], "texture": "#0"},
				"down": {"uv": [5, 5, 5.9, 5.5], "texture": "#0"}
			}
		},
		{
			"from": [7.6, 3.6, 11],
			"to": [8.15, 4.15, 16],
			"rotation": {"angle": 45, "axis": "z", "origin": [8, 4, 1.5]},
			"faces": {
				"north": {"uv": [5, 5, 5.55, 5.55], "texture": "#0"},
				"east": {"uv": [5, 5, 7, 5.55], "texture": "#0"},
				"south": {"uv": [5, 5, 5.55, 5.55], "texture": "#0"},
				"west": {"uv": [5, 5, 7, 5.55], "texture": "#0"},
				"up": {"uv": [5, 5, 7, 5.55], "rotation": 90, "texture": "#0"},
				"down": {"uv": [5, 5, 7, 5.55], "rotation": 90, "texture": "#0"}
			}
		},
		{
			"from": [7, 0, 15.25],
			"to": [9, 4.75, 16.25],
			"faces": {
				"north": {"uv": [0, 5, 4.75, 7], "rotation": 90, "texture": "#0"},
				"east": {"uv": [0, 5, 4.75, 6], "rotation": 90, "texture": "#0"},
				"south": {"uv": [0, 5, 4.75, 7], "rotation": 90, "texture": "#0"},
				"west": {"uv": [0, 5, 4.75, 6], "rotation": 90, "texture": "#0"},
				"up": {"uv": [0, 5, 2, 6], "texture": "#0"},
				"down": {"uv": [0, 5, 2, 6], "texture": "#0"}
			}
		}
	],
	"gui_light": "front",
	"display": {
		"thirdperson_righthand": {
			"translation": [0, 4.5, 0.75],
			"scale": [0.8, 0.8, 0.8]
		},
		"thirdperson_lefthand": {
			"translation": [0, 4.5, 0.75],
			"scale": [0.8, 0.8, 0.8]
		},
		"firstperson_righthand": {
			"translation": [-2, 7, -0.5]
		},
		"firstperson_lefthand": {
			"translation": [-2, 7, -0.5]
		},
		"ground": {
			"rotation": [45, 0, 0],
			"translation": [0, 8, 3.25]
		},
		"gui": {
			"rotation": [90, -60, 90],
			"translation": [-2.75, 5.25, 0]
		},
		"fixed": {
			"rotation": [90, 45, -90],
			"translation": [3, 3.5, 0]
		}
	}
}