{
	"credit": "Made with Blockbench",
	"textures": {
		"0": "skguns:item/skguns/sniper2",
		"particle": "skguns:item/skguns/sniper2"
	},
	"elements": [
		{
			"from": [7.5, 4, -9],
			"to": [8.7, 5.2, 11],
			"rotation": {"angle": 45, "axis": "z", "origin": [8, 4.5, 4]},
			"faces": {
				"north": {"uv": [9, 5, 16, 12], "texture": "#0"},
				"east": {"uv": [16, 13, 0, 16], "texture": "#0"},
				"south": {"uv": [9, 5, 16, 12], "texture": "#0"},
				"west": {"uv": [0, 13, 16, 16], "texture": "#0"},
				"up": {"uv": [0, 13, 16, 16], "rotation": 90, "texture": "#0"},
				"down": {"uv": [16, 13, 0, 16], "rotation": 90, "texture": "#0"}
			}
		},
		{
			"from": [7.6, 4.1, -8.9],
			"to": [8.6, 5.1, 4.9],
			"rotation": {"angle": 45, "axis": "z", "origin": [8, 4.5, 4]},
			"faces": {
				"north": {"uv": [3, 10, 6, 13], "texture": "#0"},
				"east": {"uv": [3, 10, 6, 13], "texture": "#0"},
				"south": {"uv": [3, 10, 6, 13], "texture": "#0"},
				"west": {"uv": [3, 10, 6, 13], "texture": "#0"},
				"up": {"uv": [3, 10, 6, 13], "rotation": 90, "texture": "#0"},
				"down": {"uv": [3, 10, 6, 13], "rotation": 90, "texture": "#0"}
			}
		},
		{
			"from": [7.1, 3.5, 4],
			"to": [8.9, 4.85, 13],
			"faces": {
				"north": {"uv": [0, 7, 1.8, 8.35], "texture": "#0"},
				"east": {"uv": [0, 2, 9, 6], "texture": "#0"},
				"south": {"uv": [0, 7, 1.8, 8.35], "texture": "#0"},
				"west": {"uv": [0, 2, 9, 6], "texture": "#0"},
				"up": {"uv": [0, 6, 9, 8], "rotation": 90, "texture": "#0"},
				"down": {"uv": [0, 8, 9, 10], "rotation": 90, "texture": "#0"}
			}
		},
		{
			"from": [7.2, 3.6, 4.1],
			"to": [8.8, 4.75, 12.9],
			"faces": {
				"north": {"uv": [0, 7, 1.8, 8.35], "texture": "#0"},
				"east": {"uv": [16, 13, 10, 16], "texture": "#0"},
				"south": {"uv": [0, 7, 1.8, 8.35], "texture": "#0"},
				"west": {"uv": [10, 13, 16, 16], "texture": "#0"},
				"up": {"uv": [0, 6, 9, 8], "rotation": 90, "texture": "#0"},
				"down": {"uv": [0, 8, 9, 10], "rotation": 90, "texture": "#0"}
			}
		},
		{
			"from": [7.6, 3.1, 0],
			"to": [8.4, 4.9, 14],
			"faces": {
				"north": {"uv": [0, 0, 0.8, 1.55], "texture": "#0"},
				"east": {"uv": [16, 0, 0, 1.55], "texture": "#0"},
				"south": {"uv": [15.2, 0, 16, 1.55], "texture": "#0"},
				"west": {"uv": [0, 0, 16, 1.55], "texture": "#0"},
				"up": {"uv": [14, 0, 16, 0.8], "rotation": 90, "texture": "#0"},
				"down": {"uv": [12, 0, 0, 0.8], "rotation": 90, "texture": "#0"}
			}
		},
		{
			"from": [7.45, 1.25, 12],
			"to": [8.55, 3.25, 16],
			"rotation": {"angle": 45, "axis": "x", "origin": [8, 2.75, 14.25]},
			"faces": {
				"north": {"uv": [0, 0, 1.3, 2], "rotation": 180, "texture": "#0"},
				"east": {"uv": [0, 2, 4, 0], "texture": "#0"},
				"south": {"uv": [0, 0, 1.3, 2], "texture": "#0"},
				"west": {"uv": [4, 0, 0, 2], "texture": "#0"},
				"up": {"uv": [0, 0, 4, 1.3], "rotation": 90, "texture": "#0"},
				"down": {"uv": [0, 0, 4, 1.3], "rotation": 90, "texture": "#0"}
			}
		},
		{
			"from": [7.375, 0.5, 14.5],
			"to": [8.625, 2.5, 20.75],
			"rotation": {"angle": 0, "axis": "x", "origin": [8, 1.5, 16.25]},
			"faces": {
				"north": {"uv": [3, 2, 4.25, 0], "rotation": 180, "texture": "#0"},
				"east": {"uv": [6.5, 2, 0, 0], "texture": "#0"},
				"south": {"uv": [0, 0, 1, 2], "texture": "#0"},
				"west": {"uv": [6.5, 2, 0, 0], "texture": "#0"},
				"up": {"uv": [0, 0, 6.5, 1.25], "rotation": 90, "texture": "#0"},
				"down": {"uv": [0, 0, 6.5, 1.25], "rotation": 90, "texture": "#0"}
			}
		},
		{
			"from": [7.4, 0.7, 15.6],
			"to": [8.6, 2.9, 20.75],
			"rotation": {"angle": -22.5, "axis": "x", "origin": [8, 1.5, 16.25]},
			"faces": {
				"north": {"uv": [0, 0, 1.2, 1.95], "rotation": 180, "texture": "#0"},
				"east": {"uv": [0, 1.95, 5.15, 0], "texture": "#0"},
				"south": {"uv": [0, 1.95, 1, 0], "texture": "#0"},
				"west": {"uv": [6.65, 0, 0, 1.95], "texture": "#0"},
				"up": {"uv": [0, 0, 4.9, 0.95], "rotation": 90, "texture": "#0"},
				"down": {"uv": [0, 0, 5.15, 0.95], "rotation": 90, "texture": "#0"}
			}
		},
		{
			"from": [7.65, -0.21599, 10.44822],
			"to": [8.35, 2.78401, 10.69822],
			"rotation": {"angle": -45, "axis": "x", "origin": [8, 3.05178, 11.42678]},
			"faces": {
				"north": {"uv": [9, 5, 9.7, 8], "rotation": 180, "texture": "#0"},
				"east": {"uv": [9, 5, 12, 5.25], "rotation": 270, "texture": "#0"},
				"south": {"uv": [9, 5, 9.7, 8], "texture": "#0"},
				"west": {"uv": [9, 5, 12, 5.25], "rotation": 90, "texture": "#0"},
				"up": {"uv": [9, 5, 9.7, 5.25], "rotation": 180, "texture": "#0"},
				"down": {"uv": [9, 5, 9.7, 5.25], "texture": "#0"}
			}
		},
		{
			"from": [7.65, 1.78401, 10.44822],
			"to": [8.35, 2.03401, 11.69822],
			"rotation": {"angle": -45, "axis": "x", "origin": [8, 3.05178, 11.42678]},
			"faces": {
				"north": {"uv": [9, 5, 9.7, 5.25], "rotation": 180, "texture": "#0"},
				"east": {"uv": [9, 5, 9.25, 6.25], "rotation": 270, "texture": "#0"},
				"south": {"uv": [9, 5, 9.7, 5.25], "texture": "#0"},
				"west": {"uv": [9, 5, 9.25, 6.25], "rotation": 90, "texture": "#0"},
				"up": {"uv": [9, 5, 9.7, 6.25], "rotation": 180, "texture": "#0"},
				"down": {"uv": [9, 5, 9.7, 6.25], "texture": "#0"}
			}
		},
		{
			"from": [7.65, 2.0455, 11.29838],
			"to": [8.35, 3.2955, 11.54838],
			"rotation": {"angle": 22.5, "axis": "x", "origin": [8, 3.05178, 11.42678]},
			"faces": {
				"north": {"uv": [9, 5, 9.7, 6.25], "texture": "#0"},
				"east": {"uv": [9, 5, 9.25, 6.25], "texture": "#0"},
				"south": {"uv": [9, 5, 9.7, 6.25], "texture": "#0"},
				"west": {"uv": [9, 5, 9.25, 6.25], "texture": "#0"},
				"up": {"uv": [9, 5, 9.7, 5.25], "texture": "#0"},
				"down": {"uv": [9, 5, 9.7, 5.25], "texture": "#0"}
			}
		},
		{
			"from": [7.65, -0.21599, 11.54822],
			"to": [8.35, 3.28401, 11.79822],
			"rotation": {"angle": -45, "axis": "x", "origin": [8, 3.05178, 11.42678]},
			"faces": {
				"north": {"uv": [9, 5, 9.7, 8.5], "rotation": 180, "texture": "#0"},
				"east": {"uv": [9, 5, 12.5, 5.25], "rotation": 270, "texture": "#0"},
				"south": {"uv": [9, 5, 9.7, 8.5], "texture": "#0"},
				"west": {"uv": [9, 5, 12.5, 5.25], "rotation": 90, "texture": "#0"},
				"up": {"uv": [9, 5, 9.7, 5.25], "rotation": 180, "texture": "#0"},
				"down": {"uv": [9, 5, 9.7, 5.25], "texture": "#0"}
			}
		},
		{
			"from": [7.65, -0.46599, 10.44822],
			"to": [8.35, -0.21599, 11.69822],
			"rotation": {"angle": -45, "axis": "x", "origin": [8, 3.05178, 11.42678]},
			"faces": {
				"north": {"uv": [9, 5, 9.7, 5.25], "rotation": 180, "texture": "#0"},
				"east": {"uv": [9, 5, 9.25, 6.25], "rotation": 270, "texture": "#0"},
				"south": {"uv": [9, 5, 9.7, 5.25], "texture": "#0"},
				"west": {"uv": [9, 5, 9.25, 6.25], "rotation": 90, "texture": "#0"},
				"up": {"uv": [9, 5, 9.7, 6.25], "rotation": 180, "texture": "#0"},
				"down": {"uv": [9, 5, 9.7, 6.25], "texture": "#0"}
			}
		},
		{
			"from": [7.25, 5.75, 2],
			"to": [8.75, 7.25, 12],
			"faces": {
				"north": {"uv": [9, 5, 16, 12], "texture": "#0"},
				"east": {"uv": [0, 15, 11, 16], "texture": "#0"},
				"south": {"uv": [9, 5, 16, 12], "texture": "#0"},
				"west": {"uv": [0, 15, 11, 16], "texture": "#0"},
				"up": {"uv": [0, 15, 11, 16], "rotation": 90, "texture": "#0"},
				"down": {"uv": [0, 15, 11, 16], "rotation": 90, "texture": "#0"}
			}
		},
		{
			"from": [7.35, 5.85, 2.1],
			"to": [8.65, 7.15, 11.9],
			"faces": {
				"north": {"uv": [0, 10, 3, 13], "texture": "#0"},
				"east": {"uv": [0, 15, 11, 16], "texture": "#0"},
				"south": {"uv": [0, 10, 3, 13], "texture": "#0"},
				"west": {"uv": [0, 15, 11, 16], "texture": "#0"},
				"up": {"uv": [0, 15, 11, 16], "rotation": 90, "texture": "#0"},
				"down": {"uv": [0, 15, 11, 16], "rotation": 90, "texture": "#0"}
			}
		},
		{
			"from": [7.5, 4.5, 5],
			"to": [8.5, 6, 9.5],
			"faces": {
				"north": {"uv": [12.5, 0, 12.5, 0.5], "texture": "#0"},
				"east": {"uv": [12.5, 0, 16, 0.5], "texture": "#0"},
				"south": {"uv": [12.5, 0, 12.5, 0.5], "texture": "#0"},
				"west": {"uv": [12.5, 0, 16, 0.5], "texture": "#0"},
				"up": {"uv": [12.5, 0, 16, 0], "rotation": 90, "texture": "#0"},
				"down": {"uv": [12.5, 0, 16, 0], "rotation": 90, "texture": "#0"}
			}
		}
	],
	"gui_light": "front",
	"display": {
		"thirdperson_righthand": {
			"translation": [0, 4, -3],
			"scale": [0.8, 0.8, 0.8]
		},
		"thirdperson_lefthand": {
			"translation": [0, 4, -3],
			"scale": [0.8, 0.8, 0.8]
		},
		"firstperson_righthand": {
			"translation": [-2, 7, -1.5]
		},
		"firstperson_lefthand": {
			"translation": [-2, 7, -1.5]
		},
		"ground": {
			"rotation": [45, 0, 0],
			"translation": [0, 8, 6]
		},
		"gui": {
			"rotation": [90, -60, 89],
			"translation": [-3.75, 3.25, 0]
		},
		"fixed": {
			"rotation": [90, 45, -90],
			"translation": [4.5, 1.5, 0]
		}
	},
	"groups": [
		0,
		1,
		2,
		3,
		4,
		5,
		6,
		7,
		{
			"name": "group",
			"origin": [8, 0.40273, 13.57583],
			"color": 0,
			"children": [8, 9, 10, 11, 12]
		},
		13,
		14,
		15
	]
}