{
	"credit": "Made with Blockbench",
	"textures": {
		"0": "skguns:item/skguns/sniper1",
		"particle": "skguns:item/skguns/sniper1"
	},
	"elements": [
		{
			"from": [7.5, 1, 10],
			"to": [8.5, 3.25, 17],
			"faces": {
				"north": {"uv": [0, 0, 1, 2.25], "texture": "#0"},
				"east": {"uv": [16, 6, 8, 3.5], "texture": "#0"},
				"south": {"uv": [8, 6, 9, 3.5], "texture": "#0"},
				"west": {"uv": [8, 6, 16, 3.5], "texture": "#0"},
				"up": {"uv": [8, 4, 16, 5], "rotation": 90, "texture": "#0"},
				"down": {"uv": [8, 3, 15, 4], "rotation": 90, "texture": "#0"}
			}
		},
		{
			"from": [7.5, -0.25, 9],
			"to": [8.5, 0.25, 11.75],
			"rotation": {"angle": 22.5, "axis": "x", "origin": [8, 0, 10.5]},
			"faces": {
				"north": {"uv": [15, 5, 16, 6], "texture": "#0"},
				"east": {"uv": [15, 5, 16, 6], "texture": "#0"},
				"south": {"uv": [15, 5, 16, 6], "texture": "#0"},
				"west": {"uv": [15, 5, 16, 6], "texture": "#0"},
				"up": {"uv": [15, 5, 16, 6], "texture": "#0"},
				"down": {"uv": [15, 5, 16, 6], "texture": "#0"}
			}
		},
		{
			"from": [7.6, 0, 11],
			"to": [8.4, 0.5, 14],
			"rotation": {"angle": -45, "axis": "x", "origin": [8, 0, 12.5]},
			"faces": {
				"north": {"uv": [15, 5, 16, 6], "texture": "#0"},
				"east": {"uv": [15, 5, 16, 6.5], "rotation": 90, "texture": "#0"},
				"south": {"uv": [15, 5, 16, 6], "texture": "#0"},
				"west": {"uv": [15, 5, 16, 6.5], "rotation": 270, "texture": "#0"},
				"up": {"uv": [15, 5, 16, 6.5], "texture": "#0"},
				"down": {"uv": [15, 5, 16, 6.5], "rotation": 180, "texture": "#0"}
			}
		},
		{
			"from": [7.5, 1, -1],
			"to": [8.5, 2.25, 6],
			"faces": {
				"north": {"uv": [8, 3, 9, 7], "texture": "#0"},
				"east": {"uv": [16, 3, 9, 7], "texture": "#0"},
				"south": {"uv": [8, 3, 9, 7], "texture": "#0"},
				"west": {"uv": [9, 3, 16, 7], "texture": "#0"},
				"up": {"uv": [9, 3, 16, 4], "rotation": 90, "texture": "#0"},
				"down": {"uv": [16, 6, 9, 7], "rotation": 90, "texture": "#0"}
			}
		},
		{
			"from": [7.3, 4.425, 4],
			"to": [8.7, 5.825, 12],
			"rotation": {"angle": -45, "axis": "z", "origin": [8, 5.125, 8]},
			"faces": {
				"north": {"uv": [9, 9, 14.9, 15], "rotation": 90, "texture": "#0"},
				"east": {"uv": [11, 6, 16, 6.9], "texture": "#0"},
				"south": {"uv": [9, 9, 14.9, 15], "rotation": 90, "texture": "#0"},
				"west": {"uv": [16, 5, 11, 5.9], "texture": "#0"},
				"up": {"uv": [16, 5, 11, 6], "rotation": 270, "texture": "#0"},
				"down": {"uv": [11, 6, 16, 7], "rotation": 270, "texture": "#0"}
			}
		},
		{
			"from": [7.05, 4.175, 3],
			"to": [8.95, 6.075, 4.5],
			"rotation": {"angle": -45, "axis": "z", "origin": [8, 5.125, 7.5]},
			"faces": {
				"north": {"uv": [8, 8, 16, 16], "texture": "#0"},
				"east": {"uv": [0, 5, 1.9, 6.5], "rotation": 270, "texture": "#0"},
				"south": {"uv": [0, 5, 1.9, 6.75], "rotation": 270, "texture": "#0"},
				"west": {"uv": [0, 5, 1.9, 6.5], "rotation": 270, "texture": "#0"},
				"up": {"uv": [0, 5, 1.5, 6.75], "rotation": 270, "texture": "#0"},
				"down": {"uv": [0, 5, 1.5, 6.75], "rotation": 270, "texture": "#0"}
			}
		},
		{
			"from": [7.05, 4.175, 11.5],
			"to": [8.95, 6.075, 13],
			"rotation": {"angle": -45, "axis": "z", "origin": [8, 5.125, 7.5]},
			"faces": {
				"north": {"uv": [0, 5, 1.9, 6.75], "rotation": 90, "texture": "#0"},
				"east": {"uv": [0, 5, 1.9, 6.5], "rotation": 270, "texture": "#0"},
				"south": {"uv": [8, 8, 16, 16], "rotation": 270, "texture": "#0"},
				"west": {"uv": [0, 5, 1.9, 6.5], "rotation": 270, "texture": "#0"},
				"up": {"uv": [0, 5, 1.5, 6.75], "rotation": 270, "texture": "#0"},
				"down": {"uv": [0, 5, 1.5, 6.75], "rotation": 270, "texture": "#0"}
			}
		},
		{
			"from": [8.75, 2.75, -9],
			"to": [9.75, 3.75, 6],
			"rotation": {"angle": -45, "axis": "z", "origin": [8, 4.5, 0.5]},
			"faces": {
				"north": {"uv": [0, 0, 1, 1], "rotation": 90, "texture": "#0"},
				"east": {"uv": [1, 0, 7, 3], "texture": "#0"},
				"south": {"uv": [0, 0, 1, 1], "rotation": 270, "texture": "#0"},
				"west": {"uv": [1, 0, 7, 3], "texture": "#0"},
				"up": {"uv": [1, 0, 7, 3], "rotation": 270, "texture": "#0"},
				"down": {"uv": [1, 0, 7, 3], "rotation": 270, "texture": "#0"}
			}
		},
		{
			"from": [7.6, 0.21543, 12.02106],
			"to": [8.4, 1.96543, 17.02106],
			"rotation": {"angle": 22.5, "axis": "x", "origin": [8, 1.5, 14.5]},
			"faces": {
				"north": {"uv": [8, 3, 8.8, 6], "texture": "#0"},
				"east": {"uv": [9, 3, 16, 7], "texture": "#0"},
				"south": {"uv": [9, 3, 9.8, 7], "texture": "#0"},
				"west": {"uv": [16, 3, 9, 7], "texture": "#0"},
				"up": {"uv": [11, 3, 16, 3.8], "rotation": 90, "texture": "#0"},
				"down": {"uv": [11, 6, 16, 6.8], "rotation": 90, "texture": "#0"}
			}
		},
		{
			"from": [7.5, -1.05, 8],
			"to": [8.5, -0.75, 11.4],
			"faces": {
				"north": {"uv": [15, 5, 16, 6], "texture": "#0"},
				"east": {"uv": [15, 5, 16, 6], "texture": "#0"},
				"south": {"uv": [15, 5, 16, 6], "texture": "#0"},
				"west": {"uv": [15, 5, 16, 6], "texture": "#0"},
				"up": {"uv": [15, 5, 16, 6], "texture": "#0"},
				"down": {"uv": [15, 5, 16, 6], "texture": "#0"}
			}
		},
		{
			"from": [7.5, -0.2, 5.15],
			"to": [8.5, 0.1, 8.2],
			"rotation": {"angle": 45, "axis": "x", "origin": [8, -0.4, 7.15]},
			"faces": {
				"north": {"uv": [15, 5, 16, 6], "texture": "#0"},
				"east": {"uv": [15, 5, 16, 6], "texture": "#0"},
				"south": {"uv": [15, 5, 16, 6], "texture": "#0"},
				"west": {"uv": [15, 5, 16, 6], "texture": "#0"},
				"up": {"uv": [15, 5, 16, 6], "texture": "#0"},
				"down": {"uv": [15, 5, 16, 6], "texture": "#0"}
			}
		},
		{
			"from": [7.25, 1.25, 0.5],
			"to": [8.75, 3.75, 1.5],
			"faces": {
				"north": {"uv": [0, 5, 1.5, 7.5], "texture": "#0"},
				"east": {"uv": [0, 5, 1, 7.5], "texture": "#0"},
				"south": {"uv": [0, 5, 1.5, 7.5], "texture": "#0"},
				"west": {"uv": [0, 5, 1, 7.5], "texture": "#0"},
				"up": {"uv": [0, 5, 1.5, 6], "texture": "#0"},
				"down": {"uv": [0, 5, 1.5, 6], "texture": "#0"}
			}
		},
		{
			"from": [7.35, 1.8, 10],
			"to": [8.65, 2.4, 16.5],
			"faces": {
				"north": {"uv": [0, 5, 1.3, 5.6], "texture": "#0"},
				"east": {"uv": [0, 5, 6.5, 5.6], "texture": "#0"},
				"south": {"uv": [0, 5, 1.3, 5.6], "texture": "#0"},
				"west": {"uv": [0, 5, 6.5, 5.6], "texture": "#0"},
				"up": {"uv": [1.3, 5, 0, 11.5], "texture": "#0"},
				"down": {"uv": [0, 5, 1.3, 11.5], "texture": "#0"}
			}
		},
		{
			"from": [8.35, 1.8, 1.75],
			"to": [8.65, 2.4, 5.5],
			"faces": {
				"north": {"uv": [0, 5, 0.3, 5.6], "texture": "#0"},
				"east": {"uv": [0, 5, 3.75, 5.6], "texture": "#0"},
				"south": {"uv": [0, 5, 0.3, 5.6], "texture": "#0"},
				"west": {"uv": [0, 5, 3.75, 5.6], "texture": "#0"},
				"up": {"uv": [0, 5, 0.3, 8.75], "texture": "#0"},
				"down": {"uv": [0, 5, 0.3, 8.75], "texture": "#0"}
			}
		},
		{
			"from": [8.35, 2.05, 2],
			"to": [9.65, 2.65, 2.5],
			"faces": {
				"north": {"uv": [8, 6, 9.3, 6.6], "texture": "#0"},
				"east": {"uv": [8, 6, 8.5, 6.6], "texture": "#0"},
				"south": {"uv": [8, 6, 9.3, 6.6], "texture": "#0"},
				"west": {"uv": [8, 6, 8.5, 6.6], "texture": "#0"},
				"up": {"uv": [8, 6, 9.3, 6.5], "texture": "#0"},
				"down": {"uv": [8, 6, 9.3, 6.5], "texture": "#0"}
			}
		},
		{
			"from": [6.5, 2, -10],
			"to": [9.5, 3.5, -8],
			"faces": {
				"north": {"uv": [0.5, 12.5, 2.5, 14.5], "texture": "#0"},
				"east": {"uv": [3.75, 11, 7.25, 16], "texture": "#0"},
				"south": {"uv": [0, 5, 3, 6.5], "texture": "#0"},
				"west": {"uv": [3.75, 11, 7.25, 16], "texture": "#0"},
				"up": {"uv": [0, 5, 3, 7], "texture": "#0"},
				"down": {"uv": [0, 5, 3, 7], "texture": "#0"}
			}
		},
		{
			"from": [7.85, 1.1, 7.5],
			"to": [8.15, 1.4, 8.5],
			"rotation": {"angle": 22.5, "axis": "x", "origin": [8, 2.375, 8]},
			"faces": {
				"north": {"uv": [0, 3, 1.5, 3.75], "texture": "#0"},
				"east": {"uv": [1, 2, 7, 1], "texture": "#0"},
				"south": {"uv": [2, 3, 3.5, 3.75], "texture": "#0"},
				"west": {"uv": [1, 2, 7, 1], "texture": "#0"},
				"up": {"uv": [0, 3, 1.5, 5], "texture": "#0"},
				"down": {"uv": [1.5, 3, 3, 5], "texture": "#0"}
			}
		},
		{
			"from": [7.85, 1.1, 7.5],
			"to": [8.15, 1.4, 8.5],
			"rotation": {"angle": -22.5, "axis": "x", "origin": [8, 2.375, 8]},
			"faces": {
				"north": {"uv": [0, 3, 1.5, 3.75], "texture": "#0"},
				"east": {"uv": [1, 2, 7, 1], "texture": "#0"},
				"south": {"uv": [2, 3, 3.5, 3.75], "texture": "#0"},
				"west": {"uv": [1, 2, 7, 1], "texture": "#0"},
				"up": {"uv": [0, 3, 1.5, 5], "texture": "#0"},
				"down": {"uv": [1.5, 3, 3, 5], "texture": "#0"}
			}
		},
		{
			"from": [7.85, 1.875, 8.975],
			"to": [8.15, 2.875, 9.275],
			"rotation": {"angle": 22.5, "axis": "x", "origin": [8, 2.375, 8]},
			"faces": {
				"north": {"uv": [2, 3, 3.5, 5], "rotation": 180, "texture": "#0"},
				"east": {"uv": [1, 2, 7, 1], "rotation": 90, "texture": "#0"},
				"south": {"uv": [0, 3, 1.5, 5], "texture": "#0"},
				"west": {"uv": [1, 2, 7, 1], "rotation": 270, "texture": "#0"},
				"up": {"uv": [1.5, 3, 3, 3.75], "texture": "#0"},
				"down": {"uv": [0, 3, 1.5, 3.75], "rotation": 180, "texture": "#0"}
			}
		},
		{
			"from": [7.85, 1.875, 8.975],
			"to": [8.15, 2.875, 9.275],
			"rotation": {"angle": -22.5, "axis": "x", "origin": [8, 2.375, 8]},
			"faces": {
				"north": {"uv": [0, 3, 1.5, 5], "rotation": 180, "texture": "#0"},
				"east": {"uv": [1, 1, 7, 2], "rotation": 270, "texture": "#0"},
				"south": {"uv": [2, 3, 3.5, 5], "texture": "#0"},
				"west": {"uv": [1, 1, 7, 2], "rotation": 90, "texture": "#0"},
				"up": {"uv": [0, 3, 1.5, 3.75], "rotation": 180, "texture": "#0"},
				"down": {"uv": [1.5, 3, 3, 3.75], "texture": "#0"}
			}
		},
		{
			"from": [7.85, 3.35, 7.5],
			"to": [8.15, 3.65, 8.5],
			"rotation": {"angle": 22.5, "axis": "x", "origin": [8, 2.375, 8]},
			"faces": {
				"north": {"uv": [0, 3, 1.5, 3.75], "texture": "#0"},
				"east": {"uv": [1, 1, 7, 2], "texture": "#0"},
				"south": {"uv": [2, 3, 3.5, 3.75], "texture": "#0"},
				"west": {"uv": [1, 1, 7, 2], "texture": "#0"},
				"up": {"uv": [0, 3, 1.5, 5], "texture": "#0"},
				"down": {"uv": [1.5, 3, 3, 5], "texture": "#0"}
			}
		},
		{
			"from": [7.85, 3.35, 7.5],
			"to": [8.15, 3.65, 8.5],
			"rotation": {"angle": -22.5, "axis": "x", "origin": [8, 2.375, 8]},
			"faces": {
				"north": {"uv": [0, 3, 1.5, 3.75], "texture": "#0"},
				"east": {"uv": [1, 1, 7, 1.75], "texture": "#0"},
				"south": {"uv": [2, 3, 3.5, 3.75], "texture": "#0"},
				"west": {"uv": [1, 1, 7, 1.75], "texture": "#0"},
				"up": {"uv": [0, 3, 1.5, 5], "texture": "#0"},
				"down": {"uv": [1.5, 3, 3, 5], "texture": "#0"}
			}
		},
		{
			"from": [7.85, 1.875, 6.725],
			"to": [8.15, 2.875, 7.025],
			"rotation": {"angle": 22.5, "axis": "x", "origin": [8, 2.375, 8]},
			"faces": {
				"north": {"uv": [2, 3, 3.5, 5], "rotation": 180, "texture": "#0"},
				"east": {"uv": [1, 1, 7, 2], "rotation": 90, "texture": "#0"},
				"south": {"uv": [0, 3, 1.5, 5], "texture": "#0"},
				"west": {"uv": [1, 1, 7, 2], "rotation": 270, "texture": "#0"},
				"up": {"uv": [1.5, 3, 3, 3.75], "texture": "#0"},
				"down": {"uv": [0, 3, 1.5, 3.75], "rotation": 180, "texture": "#0"}
			}
		},
		{
			"from": [7.85, 1.875, 6.725],
			"to": [8.15, 2.875, 7.025],
			"rotation": {"angle": -22.5, "axis": "x", "origin": [8, 2.375, 8]},
			"faces": {
				"north": {"uv": [0, 3, 1.5, 5], "rotation": 180, "texture": "#0"},
				"east": {"uv": [1, 2, 7, 1], "rotation": 270, "texture": "#0"},
				"south": {"uv": [2, 3, 3.5, 5], "texture": "#0"},
				"west": {"uv": [1, 2, 7, 1], "rotation": 90, "texture": "#0"},
				"up": {"uv": [0, 3, 1.5, 3.75], "rotation": 180, "texture": "#0"},
				"down": {"uv": [1.5, 3, 3, 3.75], "texture": "#0"}
			}
		},
		{
			"from": [7.25, 0, 7],
			"to": [8.75, 0.75, 9],
			"rotation": {"angle": 0, "axis": "y", "origin": [8, 2.375, 8]},
			"faces": {
				"north": {"uv": [9, 0, 10.5, 0.75], "texture": "#0"},
				"east": {"uv": [0, 3, 8, 0], "texture": "#0"},
				"south": {"uv": [11, 0, 12.5, 0.75], "texture": "#0"},
				"west": {"uv": [0, 3, 8, 0], "texture": "#0"},
				"up": {"uv": [13, 0, 14.5, 2], "texture": "#0"},
				"down": {"uv": [14.5, 0, 16, 2], "texture": "#0"}
			}
		},
		{
			"from": [7.25, 4, 7],
			"to": [8.75, 4.75, 9],
			"rotation": {"angle": 0, "axis": "y", "origin": [8, 2.375, 8]},
			"faces": {
				"north": {"uv": [9, 0, 10.5, 0.75], "texture": "#0"},
				"east": {"uv": [0, 0, 8, 3], "texture": "#0"},
				"south": {"uv": [11, 0, 12.5, 0.75], "texture": "#0"},
				"west": {"uv": [0, 0, 8, 3], "texture": "#0"},
				"up": {"uv": [13, 0, 14.5, 2], "texture": "#0"},
				"down": {"uv": [14.5, 0, 16, 2], "texture": "#0"}
			}
		},
		{
			"from": [7.25, 1.375, 9.625],
			"to": [8.75, 3.375, 10.375],
			"rotation": {"angle": 0, "axis": "x", "origin": [8, 2.375, 8]},
			"faces": {
				"north": {"uv": [11, 0, 12.5, 2], "rotation": 180, "texture": "#0"},
				"east": {"uv": [0, 3, 8, 0], "rotation": 90, "texture": "#0"},
				"south": {"uv": [9, 0, 10.5, 2], "texture": "#0"},
				"west": {"uv": [0, 3, 8, 0], "rotation": 270, "texture": "#0"},
				"up": {"uv": [14.5, 0, 16, 0.75], "texture": "#0"},
				"down": {"uv": [13, 0, 14.5, 0.75], "rotation": 180, "texture": "#0"}
			}
		},
		{
			"from": [7.25, 1.375, 5.625],
			"to": [8.75, 3.375, 6.375],
			"rotation": {"angle": 0, "axis": "x", "origin": [8, 2.375, 8]},
			"faces": {
				"north": {"uv": [11, 0, 12.5, 2], "rotation": 180, "texture": "#0"},
				"east": {"uv": [0, 0, 8, 3], "rotation": 90, "texture": "#0"},
				"south": {"uv": [9, 0, 10.5, 2], "texture": "#0"},
				"west": {"uv": [0, 0, 8, 3], "rotation": 270, "texture": "#0"},
				"up": {"uv": [14.5, 0, 16, 0.75], "texture": "#0"},
				"down": {"uv": [13, 0, 14.5, 0.75], "rotation": 180, "texture": "#0"}
			}
		},
		{
			"from": [7.25, 0, 7],
			"to": [8.75, 0.75, 9],
			"rotation": {"angle": -45, "axis": "x", "origin": [8, 2.375, 8]},
			"faces": {
				"north": {"uv": [9, 0, 10.5, 0.75], "texture": "#0"},
				"east": {"uv": [0, 3, 8, 0], "texture": "#0"},
				"south": {"uv": [11, 0, 12.5, 0.75], "texture": "#0"},
				"west": {"uv": [0, 3, 8, 0], "texture": "#0"},
				"up": {"uv": [13, 0, 14.5, 2], "texture": "#0"},
				"down": {"uv": [14.5, 0, 16, 2], "texture": "#0"}
			}
		},
		{
			"from": [7.25, 1.375, 9.625],
			"to": [8.75, 3.375, 10.375],
			"rotation": {"angle": -45, "axis": "x", "origin": [8, 2.375, 8]},
			"faces": {
				"north": {"uv": [9, 0, 10.5, 2], "rotation": 180, "texture": "#0"},
				"east": {"uv": [0, 0, 8, 3], "rotation": 270, "texture": "#0"},
				"south": {"uv": [11, 0, 12.5, 2], "texture": "#0"},
				"west": {"uv": [0, 0, 8, 3], "rotation": 90, "texture": "#0"},
				"up": {"uv": [13, 0, 14.5, 0.75], "rotation": 180, "texture": "#0"},
				"down": {"uv": [14.5, 0, 16, 0.75], "texture": "#0"}
			}
		},
		{
			"from": [7.25, 4, 7],
			"to": [8.75, 4.75, 9],
			"rotation": {"angle": -45, "axis": "x", "origin": [8, 2.375, 8]},
			"faces": {
				"north": {"uv": [9, 0, 10.5, 0.75], "texture": "#0"},
				"east": {"uv": [0, 0, 8, 2.75], "texture": "#0"},
				"south": {"uv": [11, 0, 12.5, 0.75], "texture": "#0"},
				"west": {"uv": [0, 0, 8, 2.75], "texture": "#0"},
				"up": {"uv": [13, 0, 14.5, 2], "texture": "#0"},
				"down": {"uv": [14.5, 0, 16, 2], "texture": "#0"}
			}
		},
		{
			"from": [7.25, 1.375, 5.625],
			"to": [8.75, 3.375, 6.375],
			"rotation": {"angle": -45, "axis": "x", "origin": [8, 2.375, 8]},
			"faces": {
				"north": {"uv": [9, 0, 10.5, 2], "rotation": 180, "texture": "#0"},
				"east": {"uv": [0, 3, 8, 0], "rotation": 270, "texture": "#0"},
				"south": {"uv": [11, 0, 12.5, 2], "texture": "#0"},
				"west": {"uv": [0, 3, 8, 0], "rotation": 90, "texture": "#0"},
				"up": {"uv": [13, 0, 14.5, 0.75], "rotation": 180, "texture": "#0"},
				"down": {"uv": [14.5, 0, 16, 0.75], "texture": "#0"}
			}
		},
		{
			"from": [7.35, 0.1, 7.1],
			"to": [8.65, 0.65, 8.9],
			"rotation": {"angle": 0, "axis": "y", "origin": [8, 2.375, 8]},
			"faces": {
				"north": {"uv": [9, 0, 10.5, 0.75], "texture": "#0"},
				"east": {"uv": [1, 2, 7, 1], "texture": "#0"},
				"south": {"uv": [11, 0, 12.5, 0.75], "texture": "#0"},
				"west": {"uv": [1, 2, 7, 1], "texture": "#0"},
				"up": {"uv": [13, 0, 14.5, 2], "texture": "#0"},
				"down": {"uv": [14.5, 0, 16, 2], "texture": "#0"}
			}
		},
		{
			"from": [7.35, 0.1, 7.1],
			"to": [8.65, 0.65, 8.9],
			"rotation": {"angle": -45, "axis": "x", "origin": [8, 2.375, 8]},
			"faces": {
				"north": {"uv": [9, 0, 10.5, 0.75], "texture": "#0"},
				"east": {"uv": [1, 2, 7, 1], "texture": "#0"},
				"south": {"uv": [11, 0, 12.5, 0.75], "texture": "#0"},
				"west": {"uv": [1, 2, 7, 1], "texture": "#0"},
				"up": {"uv": [13, 0, 14.5, 2], "texture": "#0"},
				"down": {"uv": [14.5, 0, 16, 2], "texture": "#0"}
			}
		},
		{
			"from": [7.35, 1.475, 9.725],
			"to": [8.65, 3.275, 10.275],
			"rotation": {"angle": 0, "axis": "y", "origin": [8, 2.375, 8]},
			"faces": {
				"north": {"uv": [11, 0, 12.5, 2], "rotation": 180, "texture": "#0"},
				"east": {"uv": [1, 2, 7, 1], "rotation": 90, "texture": "#0"},
				"south": {"uv": [9, 0, 10.5, 2], "texture": "#0"},
				"west": {"uv": [1, 2, 7, 1], "rotation": 270, "texture": "#0"},
				"up": {"uv": [14.5, 0, 16, 0.75], "texture": "#0"},
				"down": {"uv": [13, 0, 14.5, 0.75], "rotation": 180, "texture": "#0"}
			}
		},
		{
			"from": [7.35, 1.475, 9.725],
			"to": [8.65, 3.275, 10.275],
			"rotation": {"angle": -45, "axis": "x", "origin": [8, 2.375, 8]},
			"faces": {
				"north": {"uv": [9, 0, 10.5, 2], "rotation": 180, "texture": "#0"},
				"east": {"uv": [1, 1, 7, 2], "rotation": 270, "texture": "#0"},
				"south": {"uv": [11, 0, 12.5, 2], "texture": "#0"},
				"west": {"uv": [1, 1, 7, 2], "rotation": 90, "texture": "#0"},
				"up": {"uv": [13, 0, 14.5, 0.75], "rotation": 180, "texture": "#0"},
				"down": {"uv": [14.5, 0, 16, 0.75], "texture": "#0"}
			}
		},
		{
			"from": [7.35, 4.1, 7.1],
			"to": [8.65, 4.65, 8.9],
			"rotation": {"angle": 0, "axis": "y", "origin": [8, 2.375, 8]},
			"faces": {
				"north": {"uv": [9, 0, 10.5, 0.75], "texture": "#0"},
				"east": {"uv": [1, 1, 7, 2], "texture": "#0"},
				"south": {"uv": [11, 0, 12.5, 0.75], "texture": "#0"},
				"west": {"uv": [1, 1, 7, 2], "texture": "#0"},
				"up": {"uv": [13, 0, 14.5, 2], "texture": "#0"},
				"down": {"uv": [14.5, 0, 16, 2], "texture": "#0"}
			}
		},
		{
			"from": [7.35, 4.1, 7.1],
			"to": [8.65, 4.65, 8.9],
			"rotation": {"angle": -45, "axis": "x", "origin": [8, 2.375, 8]},
			"faces": {
				"north": {"uv": [9, 0, 10.5, 0.75], "texture": "#0"},
				"east": {"uv": [1, 1, 7, 1.75], "texture": "#0"},
				"south": {"uv": [11, 0, 12.5, 0.75], "texture": "#0"},
				"west": {"uv": [1, 1, 7, 1.75], "texture": "#0"},
				"up": {"uv": [13, 0, 14.5, 2], "texture": "#0"},
				"down": {"uv": [14.5, 0, 16, 2], "texture": "#0"}
			}
		},
		{
			"from": [7.35, 1.475, 5.725],
			"to": [8.65, 3.275, 6.275],
			"rotation": {"angle": 0, "axis": "y", "origin": [8, 2.375, 8]},
			"faces": {
				"north": {"uv": [11, 0, 12.5, 2], "rotation": 180, "texture": "#0"},
				"east": {"uv": [1, 1, 7, 2], "rotation": 90, "texture": "#0"},
				"south": {"uv": [9, 0, 10.5, 2], "texture": "#0"},
				"west": {"uv": [1, 1, 7, 2], "rotation": 270, "texture": "#0"},
				"up": {"uv": [14.5, 0, 16, 0.75], "texture": "#0"},
				"down": {"uv": [13, 0, 14.5, 0.75], "rotation": 180, "texture": "#0"}
			}
		},
		{
			"from": [7.35, 1.475, 5.725],
			"to": [8.65, 3.275, 6.275],
			"rotation": {"angle": -45, "axis": "x", "origin": [8, 2.375, 8]},
			"faces": {
				"north": {"uv": [9, 0, 10.5, 2], "rotation": 180, "texture": "#0"},
				"east": {"uv": [1, 2, 7, 1], "rotation": 270, "texture": "#0"},
				"south": {"uv": [11, 0, 12.5, 2], "texture": "#0"},
				"west": {"uv": [1, 2, 7, 1], "rotation": 90, "texture": "#0"},
				"up": {"uv": [13, 0, 14.5, 0.75], "rotation": 180, "texture": "#0"},
				"down": {"uv": [14.5, 0, 16, 0.75], "texture": "#0"}
			}
		}
	],
	"gui_light": "front",
	"display": {
		"thirdperson_righthand": {
			"translation": [0, 6, 0],
			"scale": [0.85, 0.85, 0.85]
		},
		"thirdperson_lefthand": {
			"translation": [0, 6, 0],
			"scale": [0.85, 0.85, 0.85]
		},
		"firstperson_righthand": {
			"translation": [-2, 9, -1.5]
		},
		"firstperson_lefthand": {
			"translation": [-2, 9, -1.5]
		},
		"ground": {
			"rotation": [45, 0, 0],
			"translation": [0, 8, 7.25]
		},
		"gui": {
			"rotation": [90, -60, 90],
			"translation": [-6.75, 3.25, 0]
		},
		"fixed": {
			"rotation": [90, 45, -90],
			"translation": [7, 0.25, 0]
		}
	},
	"groups": [
		0,
		1,
		2,
		3,
		4,
		5,
		6,
		7,
		8,
		9,
		10,
		11,
		12,
		13,
		14,
		15,
		{
			"name": "group",
			"origin": [8, 2.375, 8],
			"color": 0,
			"children": [
				{
					"name": "group",
					"origin": [8, 2.375, 8],
					"color": 0,
					"children": [16, 17, 18, 19, 20, 21, 22, 23]
				},
				{
					"name": "group",
					"origin": [8, 2.375, 8],
					"color": 0,
					"children": [24, 25, 26, 27, 28, 29, 30, 31]
				},
				{
					"name": "group",
					"origin": [8, 2.375, 8],
					"color": 0,
					"children": [32, 33, 34, 35, 36, 37, 38, 39]
				}
			]
		}
	]
}