{
    "__comment": "Model generated using MrCrayfish's Model Creator (https://mrcrayfish.com/tools?id=mc)",
    "textures": {
        "particle": "minecraft:block/light_gray_terracotta",
        "0": "minecraft:block/anvil",
        "1": "minecraft:block/light_gray_concrete",
        "2": "minecraft:block/brown_concrete",
        "3": "minecraft:block/brown_terracotta",
        "4": "minecraft:block/red_concrete",
        "5": "minecraft:block/yellow_concrete",
        "6": "minecraft:block/green_terracotta",
        "7": "minecraft:block/gray_concrete",
        "8": "minecraft:block/iron_block"
    },
    "display": {
        "gui": {
            "rotation": [ 30, 45, 0 ],
            "translation": [ 0, 0, 0 ],
            "scale": [ 0.625, 0.625, 0.625 ]
        },
        "ground": {
            "rotation": [ 0, 0, 0 ],
            "translation": [ 0, 3, 0 ],
            "scale": [ 0.25, 0.25, 0.25 ]
        },
        "fixed": {
            "rotation": [ 0, 0, 0 ],
            "translation": [ 0, 0, 0 ],
            "scale": [ 0.5, 0.5, 0.5 ]
        },
        "thirdperson_righthand": {
            "rotation": [ 75, 315, 0 ],
            "translation": [ 0, 2.5, 0 ],
            "scale": [ 0.375, 0.375, 0.375 ]
        },
        "firstperson_righthand": {
            "rotation": [ 0, 315, 0 ],
            "translation": [ 0, 2.5, 0 ],
            "scale": [ 0.4, 0.4, 0.4 ]
        }
    },
    "elements": [
        {
            "name": "frame_1",
            "from": [ 0.50, 0.00, 0.50 ], 
            "to": [ 2.50, 13.00, 2.50 ], 
            "faces": {
                "north": { "texture": "#0", "uv": [ 5.00, 0.00, 7.00, 13.00 ] },
                "east": { "texture": "#0", "uv": [ 0.00, 0.00, 2.00, 13.00 ] },
                "south": { "texture": "#0", "uv": [ 0.00, 0.00, 2.00, 13.00 ] },
                "west": { "texture": "#0", "uv": [ 0.00, 0.00, 2.00, 13.00 ] },
                "down": { "texture": "#0", "uv": [ 0.00, 0.00, 2.00, 2.00 ], "cullface": "down" }
            }
        },
        {
            "name": "frame_2",
            "from": [ 0.50, 0.00, 13.50 ], 
            "to": [ 2.50, 13.00, 15.50 ], 
            "faces": {
                "north": { "texture": "#0", "uv": [ 0.00, 0.00, 2.00, 13.00 ] },
                "east": { "texture": "#0", "uv": [ 0.00, 0.00, 2.00, 13.00 ] },
                "south": { "texture": "#0", "uv": [ 0.00, 0.00, 2.00, 13.00 ] },
                "west": { "texture": "#0", "uv": [ 5.00, 0.00, 7.00, 13.00 ] },
                "down": { "texture": "#0", "uv": [ 0.00, 0.00, 2.00, 2.00 ], "cullface": "down" }
            }
        },
        {
            "name": "frame_3",
            "from": [ 13.50, 0.00, 13.50 ], 
            "to": [ 15.50, 13.00, 15.50 ], 
            "faces": {
                "north": { "texture": "#0", "uv": [ 0.00, 0.00, 2.00, 13.00 ] },
                "east": { "texture": "#0", "uv": [ 0.00, 0.00, 2.00, 13.00 ] },
                "south": { "texture": "#0", "uv": [ 5.00, 0.00, 7.00, 13.00 ] },
                "west": { "texture": "#0", "uv": [ 0.00, 0.00, 2.00, 13.00 ] },
                "down": { "texture": "#0", "uv": [ 0.00, 0.00, 2.00, 2.00 ], "cullface": "down" }
            }
        },
        {
            "name": "frame_4",
            "from": [ 13.50, 0.00, 0.50 ], 
            "to": [ 15.50, 13.00, 2.50 ], 
            "faces": {
                "north": { "texture": "#0", "uv": [ 0.00, 0.00, 2.00, 13.00 ] },
                "east": { "texture": "#0", "uv": [ 5.00, 0.00, 7.00, 13.00 ] },
                "south": { "texture": "#0", "uv": [ 0.00, 0.00, 2.00, 13.00 ] },
                "west": { "texture": "#0", "uv": [ 0.00, 0.00, 2.00, 13.00 ] },
                "down": { "texture": "#0", "uv": [ 0.00, 0.00, 2.00, 2.00 ], "cullface": "down" }
            }
        },
        {
            "name": "top_1",
            "from": [ 0.00, 13.00, 0.00 ], 
            "to": [ 16.00, 15.00, 16.00 ], 
            "faces": {
                "north": { "texture": "#1", "uv": [ 0.00, 0.00, 16.00, 2.00 ], "cullface": "north" },
                "east": { "texture": "#1", "uv": [ 0.00, 0.00, 16.00, 2.00 ], "cullface": "east" },
                "south": { "texture": "#1", "uv": [ 0.00, 0.00, 16.00, 2.00 ], "cullface": "south" },
                "west": { "texture": "#1", "uv": [ 0.00, 0.00, 16.00, 2.00 ], "cullface": "west" },
                "up": { "texture": "#1", "uv": [ 0.00, 0.00, 16.00, 16.00 ] },
                "down": { "texture": "#1", "uv": [ 0.00, 0.00, 16.00, 16.00 ] }
            }
        },
        {
            "name": "top_2",
            "from": [ 0.00, 15.00, 0.00 ], 
            "to": [ 16.00, 16.00, 2.00 ], 
            "faces": {
                "north": { "texture": "#1", "uv": [ 0.00, 0.00, 16.00, 1.00 ], "cullface": "north" },
                "east": { "texture": "#1", "uv": [ 0.00, 0.00, 2.00, 1.00 ], "cullface": "east" },
                "south": { "texture": "#1", "uv": [ 0.00, 0.00, 16.00, 1.00 ] },
                "west": { "texture": "#1", "uv": [ 0.00, 0.00, 2.00, 1.00 ], "cullface": "west" },
                "up": { "texture": "#1", "uv": [ 0.00, 0.00, 16.00, 1.00 ], "cullface": "up" }
            }
        },
        {
            "name": "frame_5",
            "from": [ 2.50, 12.00, 0.50 ], 
            "to": [ 13.50, 13.00, 2.50 ], 
            "faces": {
                "north": { "texture": "#0", "uv": [ 0.00, 0.00, 11.00, 1.00 ] },
                "south": { "texture": "#0", "uv": [ 0.00, 0.00, 11.00, 1.00 ] },
                "down": { "texture": "#0", "uv": [ 0.00, 0.00, 11.00, 2.00 ] }
            }
        },
        {
            "name": "frame_6",
            "from": [ 2.50, 12.00, 13.50 ], 
            "to": [ 13.50, 13.00, 15.50 ], 
            "faces": {
                "north": { "texture": "#0", "uv": [ 0.00, 0.00, 11.00, 1.00 ] },
                "south": { "texture": "#0", "uv": [ 0.00, 0.00, 11.00, 1.00 ] },
                "down": { "texture": "#0", "uv": [ 0.00, 0.00, 11.00, 2.00 ] }
            }
        },
        {
            "name": "shelf",
            "from": [ 1.00, 3.00, 1.00 ], 
            "to": [ 15.00, 4.00, 15.00 ], 
            "faces": {
                "north": { "texture": "#1", "uv": [ 0.00, 0.00, 14.00, 1.00 ] },
                "east": { "texture": "#1", "uv": [ 0.00, 0.00, 14.00, 1.00 ] },
                "south": { "texture": "#1", "uv": [ 0.00, 0.00, 14.00, 1.00 ] },
                "west": { "texture": "#1", "uv": [ 0.00, 0.00, 14.00, 1.00 ] },
                "up": { "texture": "#1", "uv": [ 0.00, 0.00, 14.00, 14.00 ] },
                "down": { "texture": "#1", "uv": [ 0.00, 0.00, 14.00, 14.00 ] }
            }
        },
        {
            "name": "frame_7",
            "from": [ 0.50, 12.00, 2.50 ], 
            "to": [ 2.50, 13.00, 13.50 ], 
            "faces": {
                "north": { "texture": "#0", "uv": [ 0.00, 0.00, 2.00, 1.00 ] },
                "east": { "texture": "#0", "uv": [ 0.00, 0.00, 11.00, 1.00 ] },
                "south": { "texture": "#0", "uv": [ 0.00, 0.00, 2.00, 1.00 ] },
                "west": { "texture": "#0", "uv": [ 0.00, 0.00, 11.00, 1.00 ] },
                "up": { "texture": "#0", "uv": [ 0.00, 0.00, 2.00, 11.00 ] },
                "down": { "texture": "#0", "uv": [ 0.00, 0.00, 2.00, 11.00 ] }
            }
        },
        {
            "name": "frame_6",
            "from": [ 13.50, 12.00, 2.50 ], 
            "to": [ 15.50, 13.00, 13.50 ], 
            "faces": {
                "east": { "texture": "#0", "uv": [ 0.00, 0.00, 11.00, 1.00 ] },
                "west": { "texture": "#0", "uv": [ 0.00, 0.00, 11.00, 1.00 ] },
                "down": { "texture": "#0", "uv": [ 0.00, 0.00, 2.00, 11.00 ] }
            }
        },
        {
            "name": "box_1",
            "from": [ 4.00, 4.50, 8.00 ], 
            "to": [ 7.00, 6.50, 10.00 ], 
            "rotation": { "origin": [ 8.0, 8.0, 8.0 ], "axis": "y", "angle": 22.5 },
            "faces": {
                "north": { "texture": "#2", "uv": [ 0.00, 0.00, 3.00, 2.00 ] },
                "east": { "texture": "#2", "uv": [ 0.00, 0.00, 2.00, 2.00 ] },
                "south": { "texture": "#2", "uv": [ 0.00, 0.00, 3.00, 2.00 ] },
                "west": { "texture": "#2", "uv": [ 0.00, 0.00, 2.00, 2.00 ] }
            }
        },
        {
            "name": "box_2",
            "from": [ 4.00, 4.00, 8.00 ], 
            "to": [ 7.00, 4.50, 10.00 ], 
            "rotation": { "origin": [ 8.0, 8.0, 8.0 ], "axis": "y", "angle": 22.5 },
            "faces": {
                "north": { "texture": "#3", "uv": [ 0.00, 0.00, 3.00, 0.50 ] },
                "east": { "texture": "#3", "uv": [ 0.00, 0.00, 2.00, 0.50 ] },
                "south": { "texture": "#3", "uv": [ 0.00, 0.00, 3.00, 0.50 ] },
                "west": { "texture": "#3", "uv": [ 0.00, 0.00, 2.00, 0.50 ] },
                "down": { "texture": "#3", "uv": [ 0.00, 0.00, 3.00, 2.00 ] }
            }
        },
        {
            "name": "box_3",
            "from": [ 4.00, 6.50, 8.00 ], 
            "to": [ 7.00, 7.00, 10.00 ], 
            "rotation": { "origin": [ 8.0, 8.0, 8.0 ], "axis": "y", "angle": 22.5 },
            "faces": {
                "north": { "texture": "#3", "uv": [ 0.00, 0.00, 3.00, 0.50 ] },
                "east": { "texture": "#3", "uv": [ 0.00, 0.00, 2.00, 0.50 ] },
                "south": { "texture": "#3", "uv": [ 0.00, 0.00, 3.00, 0.50 ] },
                "west": { "texture": "#3", "uv": [ 0.00, 0.00, 2.00, 0.50 ] },
                "up": { "texture": "#3", "uv": [ 0.00, 0.00, 3.00, 2.00 ] }
            }
        },
        {
            "name": "shell_1",
            "from": [ 4.00, 4.00, 12.00 ], 
            "to": [ 6.00, 5.00, 13.00 ], 
            "faces": {
                "north": { "texture": "#4", "uv": [ 0.00, 0.00, 2.00, 1.00 ] },
                "south": { "texture": "#4", "uv": [ 0.00, 0.00, 2.00, 1.00 ] },
                "west": { "texture": "#4", "uv": [ 0.00, 0.00, 1.00, 1.00 ] },
                "up": { "texture": "#4", "uv": [ 0.00, 0.00, 2.00, 1.00 ] }
            }
        },
        {
            "name": "shell_2",
            "from": [ 6.00, 4.00, 12.00 ], 
            "to": [ 6.50, 5.00, 13.00 ], 
            "faces": {
                "north": { "texture": "#5", "uv": [ 0.00, 0.00, 0.50, 1.00 ] },
                "east": { "texture": "#5", "uv": [ 0.00, 0.00, 1.00, 1.00 ] },
                "south": { "texture": "#5", "uv": [ 0.00, 0.00, 0.50, 1.00 ] },
                "up": { "texture": "#5", "uv": [ 0.00, 0.00, 0.50, 1.00 ] }
            }
        },
        {
            "name": "shell_3",
            "from": [ 8.00, 4.00, 13.00 ], 
            "to": [ 10.00, 5.00, 14.00 ], 
            "rotation": { "origin": [ 8.0, 8.0, 13.0 ], "axis": "y", "angle": 45.0 },
            "faces": {
                "north": { "texture": "#4", "uv": [ 0.00, 0.00, 2.00, 1.00 ] },
                "east": { "texture": "#4", "uv": [ 0.00, 0.00, 1.00, 1.00 ] },
                "south": { "texture": "#4", "uv": [ 0.00, 0.00, 2.00, 1.00 ] },
                "up": { "texture": "#4", "uv": [ 0.00, 0.00, 2.00, 1.00 ] }
            }
        },
        {
            "name": "shell_4",
            "from": [ 7.50, 4.00, 13.00 ], 
            "to": [ 8.00, 5.00, 14.00 ], 
            "rotation": { "origin": [ 8.0, 8.0, 13.0 ], "axis": "y", "angle": 45.0 },
            "faces": {
                "north": { "texture": "#5", "uv": [ 0.00, 0.00, 0.50, 1.00 ] },
                "south": { "texture": "#5", "uv": [ 0.00, 0.00, 0.50, 1.00 ] },
                "west": { "texture": "#5", "uv": [ 0.00, 0.00, 1.00, 1.00 ] },
                "up": { "texture": "#5", "uv": [ 0.00, 0.00, 0.50, 1.00 ] }
            }
        },
        {
            "name": "toolbox_1",
            "from": [ 2.00, 4.00, 3.00 ], 
            "to": [ 13.00, 7.00, 8.00 ], 
            "rotation": { "origin": [ 8.0, 8.0, 8.0 ], "axis": "y", "angle": -22.5 },
            "faces": {
                "north": { "texture": "#6", "uv": [ 0.00, 0.00, 11.00, 3.00 ] },
                "east": { "texture": "#6", "uv": [ 0.00, 0.00, 5.00, 3.00 ] },
                "south": { "texture": "#6", "uv": [ 0.00, 0.00, 11.00, 3.00 ] },
                "west": { "texture": "#6", "uv": [ 0.00, 0.00, 5.00, 3.00 ] },
                "up": { "texture": "#6", "uv": [ 0.00, 0.00, 11.00, 5.00 ] }
            }
        },
        {
            "name": "toolbox_2",
            "from": [ 2.00, 7.20, 3.00 ], 
            "to": [ 13.00, 8.20, 8.00 ], 
            "rotation": { "origin": [ 8.0, 8.0, 8.0 ], "axis": "y", "angle": -22.5 },
            "faces": {
                "north": { "texture": "#6", "uv": [ 0.00, 0.00, 11.00, 1.00 ] },
                "east": { "texture": "#6", "uv": [ 0.00, 0.00, 5.00, 1.00 ] },
                "south": { "texture": "#6", "uv": [ 0.00, 0.00, 11.00, 1.00 ] },
                "west": { "texture": "#6", "uv": [ 0.00, 0.00, 5.00, 1.00 ] },
                "up": { "texture": "#6", "uv": [ 0.00, 0.00, 11.00, 5.00 ] },
                "down": { "texture": "#6", "uv": [ 0.00, 0.00, 11.00, 5.00 ] }
            }
        },
        {
            "name": "toolbox_3",
            "from": [ 2.10, 7.00, 3.10 ], 
            "to": [ 12.90, 7.20, 7.90 ], 
            "rotation": { "origin": [ 8.0, 8.0, 8.0 ], "axis": "y", "angle": -22.5 },
            "faces": {
                "north": { "texture": "#7", "uv": [ 0.00, 0.00, 10.80, 0.20 ] },
                "east": { "texture": "#7", "uv": [ 0.00, 0.00, 4.80, 0.20 ] },
                "south": { "texture": "#7", "uv": [ 0.00, 0.00, 10.80, 0.20 ] },
                "west": { "texture": "#7", "uv": [ 0.00, 0.00, 4.80, 0.20 ] },
                "up": { "texture": "#7", "uv": [ 0.00, 0.00, 10.80, 4.80 ] },
                "down": { "texture": "#7", "uv": [ 0.00, 0.00, 10.80, 4.80 ] }
            }
        },
        {
            "name": "toolbox_handle_1",
            "from": [ 5.50, 8.20, 4.00 ], 
            "to": [ 6.00, 8.70, 6.00 ], 
            "rotation": { "origin": [ 8.0, 8.0, 8.0 ], "axis": "y", "angle": -22.5 },
            "faces": {
                "north": { "texture": "#7", "uv": [ 0.00, 0.00, 0.50, 0.50 ] },
                "east": { "texture": "#7", "uv": [ 0.00, 0.00, 2.00, 0.50 ] },
                "south": { "texture": "#7", "uv": [ 0.00, 0.00, 0.50, 0.50 ] },
                "west": { "texture": "#7", "uv": [ 0.00, 0.00, 2.00, 0.50 ] },
                "up": { "texture": "#7", "uv": [ 0.00, 0.00, 0.50, 2.00 ] }
            }
        },
        {
            "name": "toolbox_handle_2",
            "from": [ 9.50, 8.20, 4.00 ], 
            "to": [ 10.00, 8.70, 6.00 ], 
            "rotation": { "origin": [ 8.0, 8.0, 8.0 ], "axis": "y", "angle": -22.5 },
            "faces": {
                "north": { "texture": "#7", "uv": [ 0.00, 0.00, 0.50, 0.50 ] },
                "east": { "texture": "#7", "uv": [ 0.00, 0.00, 2.00, 0.50 ] },
                "south": { "texture": "#7", "uv": [ 0.00, 0.00, 0.50, 0.50 ] },
                "west": { "texture": "#7", "uv": [ 0.00, 0.00, 2.00, 0.50 ] },
                "up": { "texture": "#7", "uv": [ 0.00, 0.00, 0.50, 2.00 ] }
            }
        },
        {
            "name": "toolbox_handle_3",
            "from": [ 6.00, 8.20, 4.00 ], 
            "to": [ 9.50, 8.70, 4.50 ], 
            "rotation": { "origin": [ 8.0, 8.0, 8.0 ], "axis": "y", "angle": -22.5 },
            "faces": {
                "north": { "texture": "#7", "uv": [ 0.00, 0.00, 3.50, 0.50 ] },
                "south": { "texture": "#7", "uv": [ 0.00, 0.00, 3.50, 0.50 ] },
                "up": { "texture": "#7", "uv": [ 0.00, 0.00, 3.50, 0.50 ] }
            }
        },
        {
            "name": "toolbox_handle_4",
            "from": [ 9.30, 8.20, 5.40 ], 
            "to": [ 9.50, 8.60, 5.90 ], 
            "rotation": { "origin": [ 8.0, 8.0, 8.0 ], "axis": "y", "angle": -22.5 },
            "faces": {
                "north": { "texture": "#6", "uv": [ 0.00, 0.00, 0.20, 0.40 ] },
                "south": { "texture": "#6", "uv": [ 0.00, 0.00, 0.20, 0.40 ] },
                "west": { "texture": "#6", "uv": [ 0.00, 0.00, 0.50, 0.40 ] },
                "up": { "texture": "#6", "uv": [ 0.00, 0.00, 0.20, 0.50 ] }
            }
        },
        {
            "name": "toolbox_handle_5",
            "from": [ 6.00, 8.20, 5.40 ], 
            "to": [ 6.20, 8.60, 5.90 ], 
            "rotation": { "origin": [ 8.0, 8.0, 8.0 ], "axis": "y", "angle": -22.5 },
            "faces": {
                "north": { "texture": "#6", "uv": [ 0.00, 0.00, 0.20, 0.40 ] },
                "east": { "texture": "#6", "uv": [ 0.00, 0.00, 0.50, 0.40 ] },
                "south": { "texture": "#6", "uv": [ 0.00, 0.00, 0.20, 0.40 ] },
                "up": { "texture": "#6", "uv": [ 0.00, 0.00, 0.20, 0.50 ] }
            }
        },
        {
            "name": "vice_1",
            "from": [ 1.00, 15.00, 12.00 ], 
            "to": [ 4.00, 15.50, 15.00 ], 
            "faces": {
                "north": { "texture": "#0", "uv": [ 0.00, 0.00, 3.00, 0.50 ] },
                "east": { "texture": "#0", "uv": [ 0.00, 0.00, 3.00, 0.50 ] },
                "south": { "texture": "#0", "uv": [ 0.00, 0.00, 3.00, 0.50 ] },
                "west": { "texture": "#0", "uv": [ 0.00, 0.00, 3.00, 0.50 ] },
                "up": { "texture": "#0", "uv": [ 0.00, 0.00, 3.00, 3.00 ] }
            }
        },
        {
            "name": "vice_2",
            "from": [ 1.50, 15.50, 12.50 ], 
            "to": [ 3.50, 17.50, 15.00 ], 
            "faces": {
                "north": { "texture": "#3", "uv": [ 0.00, 0.00, 2.00, 2.00 ] },
                "east": { "texture": "#3", "uv": [ 0.00, 0.00, 2.50, 2.00 ] },
                "south": { "texture": "#3", "uv": [ 0.00, 0.00, 2.00, 2.00 ] },
                "west": { "texture": "#3", "uv": [ 0.00, 0.00, 2.50, 2.00 ] },
                "up": { "texture": "#3", "uv": [ 0.00, 0.00, 2.00, 2.50 ] }
            }
        },
        {
            "name": "vice_3",
            "from": [ 1.70, 15.50, 10.50 ], 
            "to": [ 3.30, 17.00, 16.30 ], 
            "faces": {
                "north": { "texture": "#3", "uv": [ 0.00, 0.00, 1.60, 1.50 ] },
                "east": { "texture": "#3", "uv": [ 0.00, 0.00, 5.80, 1.50 ] },
                "west": { "texture": "#3", "uv": [ 0.00, 0.00, 5.80, 1.50 ] },
                "down": { "texture": "#3", "uv": [ 0.00, 0.00, 1.60, 5.80 ] }
            }
        },
        {
            "name": "vice_4",
            "from": [ 1.70, 15.50, 16.30 ], 
            "to": [ 3.30, 17.50, 17.50 ], 
            "faces": {
                "north": { "texture": "#3", "uv": [ 0.00, 0.00, 1.60, 2.00 ] },
                "east": { "texture": "#3", "uv": [ 0.00, 0.00, 1.20, 2.00 ] },
                "south": { "texture": "#3", "uv": [ 0.00, 0.00, 1.60, 2.00 ] },
                "west": { "texture": "#3", "uv": [ 0.00, 0.00, 1.20, 2.00 ] },
                "down": { "texture": "#3", "uv": [ 0.00, 0.00, 1.60, 1.20 ] }
            }
        },
        {
            "name": "vice_5",
            "from": [ 1.70, 17.50, 16.40 ], 
            "to": [ 3.30, 19.00, 17.50 ], 
            "rotation": { "origin": [ 8.0, 17.50000000745058, 17.49999999254942 ], "axis": "x", "angle": -22.5 },
            "faces": {
                "north": { "texture": "#3", "uv": [ 0.00, 0.00, 1.60, 1.50 ] },
                "east": { "texture": "#3", "uv": [ 0.00, 0.00, 1.10, 1.50 ] },
                "south": { "texture": "#3", "uv": [ 0.00, 0.00, 1.60, 1.50 ] },
                "west": { "texture": "#3", "uv": [ 0.00, 0.00, 1.10, 1.50 ] },
                "up": { "texture": "#3", "uv": [ 0.00, 0.00, 1.60, 1.10 ] },
                "down": { "texture": "#3", "uv": [ 0.00, 0.00, 1.60, 1.10 ] }
            }
        },
        {
            "name": "vice_6",
            "from": [ 1.70, 18.20, 16.00 ], 
            "to": [ 3.30, 18.90, 16.90 ], 
            "faces": {
                "east": { "texture": "#3", "uv": [ 0.00, 0.00, 0.90, 0.70 ] },
                "south": { "texture": "#3", "uv": [ 0.00, 0.00, 1.60, 0.70 ] },
                "west": { "texture": "#3", "uv": [ 0.00, 0.00, 0.90, 0.70 ] },
                "up": { "texture": "#3", "uv": [ 0.00, 0.00, 1.60, 0.90 ] },
                "down": { "texture": "#3", "uv": [ 0.00, 0.00, 1.60, 0.90 ] }
            }
        },
        {
            "name": "vice_7",
            "from": [ 1.50, 18.20, 15.50 ], 
            "to": [ 3.50, 18.90, 16.00 ], 
            "faces": {
                "north": { "texture": "#0", "uv": [ 0.00, 0.00, 2.00, 0.70 ] },
                "east": { "texture": "#0", "uv": [ 0.00, 0.00, 0.50, 0.70 ] },
                "south": { "texture": "#0", "uv": [ 0.00, 0.00, 2.00, 0.70 ] },
                "west": { "texture": "#0", "uv": [ 0.00, 0.00, 0.50, 0.70 ] },
                "up": { "texture": "#0", "uv": [ 0.00, 0.00, 2.00, 0.50 ] },
                "down": { "texture": "#0", "uv": [ 0.00, 0.00, 2.00, 0.50 ] }
            }
        },
        {
            "name": "vice_8",
            "from": [ 1.70, 17.50, 13.00 ], 
            "to": [ 3.30, 19.00, 14.20 ], 
            "rotation": { "origin": [ 8.0, 17.50000000745058, 12.999999985098839 ], "axis": "x", "angle": 22.5 },
            "faces": {
                "north": { "texture": "#3", "uv": [ 0.00, 0.00, 1.60, 1.50 ] },
                "east": { "texture": "#3", "uv": [ 0.00, 0.00, 1.20, 1.50 ] },
                "south": { "texture": "#3", "uv": [ 0.00, 0.00, 1.60, 1.50 ] },
                "west": { "texture": "#3", "uv": [ 0.00, 0.00, 1.20, 1.50 ] },
                "up": { "texture": "#3", "uv": [ 0.00, 0.00, 1.60, 1.20 ] },
                "down": { "texture": "#3", "uv": [ 0.00, 0.00, 1.60, 1.20 ] }
            }
        },
        {
            "name": "vice_9",
            "from": [ 1.70, 18.20, 13.60 ], 
            "to": [ 3.30, 18.90, 14.50 ], 
            "faces": {
                "north": { "texture": "#3", "uv": [ 0.00, 0.00, 1.60, 0.70 ] },
                "east": { "texture": "#3", "uv": [ 0.00, 0.00, 0.90, 0.70 ] },
                "west": { "texture": "#3", "uv": [ 0.00, 0.00, 0.90, 0.70 ] },
                "up": { "texture": "#3", "uv": [ 0.00, 0.00, 1.60, 0.90 ] },
                "down": { "texture": "#3", "uv": [ 0.00, 0.00, 1.60, 0.90 ] }
            }
        },
        {
            "name": "vice_10",
            "from": [ 1.50, 18.20, 14.50 ], 
            "to": [ 3.50, 18.90, 15.00 ], 
            "faces": {
                "north": { "texture": "#0", "uv": [ 0.00, 0.00, 2.00, 0.70 ] },
                "east": { "texture": "#0", "uv": [ 0.00, 0.00, 0.50, 0.70 ] },
                "south": { "texture": "#0", "uv": [ 0.00, 0.00, 2.00, 0.70 ] },
                "west": { "texture": "#0", "uv": [ 0.00, 0.00, 0.50, 0.70 ] },
                "up": { "texture": "#0", "uv": [ 0.00, 0.00, 2.00, 0.50 ] },
                "down": { "texture": "#0", "uv": [ 0.00, 0.00, 2.00, 0.50 ] }
            }
        },
        {
            "name": "vice_11",
            "from": [ 1.60, 16.80, 10.40 ], 
            "to": [ 3.40, 17.20, 16.30 ], 
            "faces": {
                "north": { "texture": "#0", "uv": [ 0.00, 0.00, 1.80, 0.40 ] },
                "east": { "texture": "#0", "uv": [ 0.00, 0.00, 5.90, 0.40 ] },
                "south": { "texture": "#0", "uv": [ 0.00, 0.00, 1.80, 0.40 ] },
                "west": { "texture": "#0", "uv": [ 0.00, 0.00, 5.90, 0.40 ] },
                "up": { "texture": "#0", "uv": [ 0.00, 0.00, 1.80, 5.90 ] },
                "down": { "texture": "#0", "uv": [ 0.00, 0.00, 1.80, 5.90 ] }
            }
        },
        {
            "name": "vice_12",
            "from": [ 2.10, 16.00, 17.50 ], 
            "to": [ 2.90, 16.80, 18.30 ], 
            "faces": {
                "east": { "texture": "#8", "uv": [ 0.00, 0.00, 0.80, 0.80 ] },
                "south": { "texture": "#8", "uv": [ 0.00, 0.00, 0.80, 0.80 ] },
                "west": { "texture": "#8", "uv": [ 0.00, 0.00, 0.80, 0.80 ] },
                "up": { "texture": "#8", "uv": [ 0.00, 0.00, 0.80, 0.80 ] },
                "down": { "texture": "#8", "uv": [ 0.00, 0.00, 0.80, 0.80 ] }
            }
        },
        {
            "name": "vice_13",
            "from": [ 2.30, 13.20, 17.70 ], 
            "to": [ 2.70, 17.20, 18.10 ], 
            "faces": {
                "north": { "texture": "#8", "uv": [ 0.00, 0.00, 0.40, 4.00 ] },
                "east": { "texture": "#8", "uv": [ 0.00, 0.00, 0.40, 4.00 ] },
                "south": { "texture": "#8", "uv": [ 0.00, 0.00, 0.40, 4.00 ] },
                "west": { "texture": "#8", "uv": [ 0.00, 0.00, 0.40, 4.00 ] },
                "up": { "texture": "#8", "uv": [ 0.00, 0.00, 0.40, 0.40 ] },
                "down": { "texture": "#8", "uv": [ 0.00, 0.00, 0.40, 0.40 ] }
            }
        },
        {
            "name": "Cube",
            "from": [ 12.80, 15.00, 7.00 ], 
            "to": [ 13.80, 16.00, 10.00 ], 
            "rotation": { "origin": [ 13.0, 15.0, 7.0 ], "axis": "y", "angle": 22.5 },
            "faces": {
                "north": { "texture": "#7", "uv": [ 0.00, 0.00, 1.00, 1.00 ] },
                "east": { "texture": "#7", "uv": [ 0.00, 0.00, 3.00, 1.00 ] },
                "south": { "texture": "#7", "uv": [ 0.00, 0.00, 1.00, 1.00 ] },
                "west": { "texture": "#7", "uv": [ 0.00, 0.00, 3.00, 1.00 ] },
                "up": { "texture": "#7", "uv": [ 0.00, 0.00, 1.00, 3.00 ], "cullface": "up" }
            }
        },
        {
            "name": "Cube",
            "from": [ 12.50, 15.00, 3.00 ], 
            "to": [ 14.00, 16.00, 4.00 ], 
            "rotation": { "origin": [ 13.0, 15.0, 7.0 ], "axis": "y", "angle": 22.5 },
            "faces": {
                "north": { "texture": "#7", "uv": [ 0.00, 0.00, 1.50, 1.00 ] },
                "east": { "texture": "#7", "uv": [ 0.00, 0.00, 1.00, 1.00 ] },
                "south": { "texture": "#7", "uv": [ 0.00, 0.00, 1.50, 1.00 ] },
                "west": { "texture": "#7", "uv": [ 0.00, 0.00, 1.00, 1.00 ] },
                "up": { "texture": "#7", "uv": [ 0.00, 0.00, 1.50, 1.00 ], "cullface": "up" }
            }
        },
        {
            "name": "Cube",
            "from": [ 12.20, 15.10, 3.10 ], 
            "to": [ 12.50, 15.90, 3.90 ], 
            "rotation": { "origin": [ 13.0, 15.0, 7.0 ], "axis": "y", "angle": 22.5 },
            "faces": {
                "north": { "texture": "#0", "uv": [ 0.00, 0.00, 0.30, 0.80 ] },
                "south": { "texture": "#0", "uv": [ 0.00, 0.00, 0.30, 0.80 ] },
                "up": { "texture": "#0", "uv": [ 0.00, 0.00, 0.30, 0.80 ] },
                "down": { "texture": "#0", "uv": [ 0.00, 0.00, 0.30, 0.80 ] }
            }
        },
        {
            "name": "Cube",
            "from": [ 11.40, 15.00, 3.00 ], 
            "to": [ 12.20, 16.00, 4.00 ], 
            "rotation": { "origin": [ 13.0, 15.0, 7.0 ], "axis": "y", "angle": 22.5 },
            "faces": {
                "north": { "texture": "#7", "uv": [ 0.00, 0.00, 0.80, 1.00 ] },
                "east": { "texture": "#7", "uv": [ 0.00, 0.00, 1.00, 1.00 ] },
                "south": { "texture": "#7", "uv": [ 0.00, 0.00, 0.80, 1.00 ] },
                "west": { "texture": "#7", "uv": [ 0.00, 0.00, 1.00, 1.00 ] },
                "up": { "texture": "#7", "uv": [ 0.00, 0.00, 0.80, 1.00 ], "cullface": "up" }
            }
        },
        {
            "name": "Cube",
            "from": [ 14.00, 15.20, 3.20 ], 
            "to": [ 14.30, 15.80, 3.80 ], 
            "rotation": { "origin": [ 13.0, 15.0, 7.0 ], "axis": "y", "angle": 22.5 },
            "faces": {
                "north": { "texture": "#0", "uv": [ 0.00, 0.00, 0.30, 0.60 ] },
                "south": { "texture": "#0", "uv": [ 0.00, 0.00, 0.30, 0.60 ] },
                "up": { "texture": "#0", "uv": [ 0.00, 0.00, 0.30, 0.60 ] },
                "down": { "texture": "#0", "uv": [ 0.00, 0.00, 0.30, 0.60 ] }
            }
        },
        {
            "name": "Cube",
            "from": [ 14.20, 15.10, 3.10 ], 
            "to": [ 14.60, 15.90, 3.90 ], 
            "rotation": { "origin": [ 13.0, 15.0, 7.0 ], "axis": "y", "angle": 22.5 },
            "faces": {
                "north": { "texture": "#7", "uv": [ 0.00, 0.00, 0.40, 0.80 ] },
                "east": { "texture": "#7", "uv": [ 0.00, 0.00, 0.80, 0.80 ] },
                "south": { "texture": "#7", "uv": [ 0.00, 0.00, 0.40, 0.80 ] },
                "west": { "texture": "#7", "uv": [ 0.00, 0.00, 0.80, 0.80 ] },
                "up": { "texture": "#7", "uv": [ 0.00, 0.00, 0.40, 0.80 ] },
                "down": { "texture": "#7", "uv": [ 0.00, 0.00, 0.40, 0.80 ] }
            }
        },
        {
            "name": "Cube",
            "from": [ 12.90, 15.10, 4.00 ], 
            "to": [ 13.70, 15.90, 7.00 ], 
            "rotation": { "origin": [ 13.0, 15.0, 7.0 ], "axis": "y", "angle": 22.5 },
            "faces": {
                "east": { "texture": "#4", "uv": [ 0.00, 0.00, 3.00, 0.80 ] },
                "west": { "texture": "#4", "uv": [ 0.00, 0.00, 3.00, 0.80 ] },
                "up": { "texture": "#4", "uv": [ 0.00, 0.00, 0.80, 3.00 ] },
                "down": { "texture": "#4", "uv": [ 0.00, 0.00, 0.80, 3.00 ] }
            }
        }
    ]
}