{
	"credit": "Made with Blockbench",
	"textures": {
		"0": "skguns:item/skgunsammo/explosiveammo",
		"particle": "skguns:item/skgunsammo/explosiveammo"
	},
	"elements": [
		{
			"from": [7, 4, 8.25],
			"to": [9, 8, 9.25],
			"rotation": {"angle": 22.5, "axis": "x", "origin": [8, 6, 9.25]},
			"faces": {
				"north": {"uv": [0, 3, 2, 7], "texture": "#0"},
				"east": {"uv": [0, 3, 1, 7], "texture": "#0"},
				"south": {"uv": [0, 3, 2, 7], "texture": "#0"},
				"west": {"uv": [0, 3, 1, 7], "texture": "#0"},
				"up": {"uv": [0, 3, 2, 4], "texture": "#0"},
				"down": {"uv": [0, 3, 2, 4], "texture": "#0"}
			}
		},
		{
			"from": [8.25, 7.5, 7],
			"to": [9.25, 11.5, 9],
			"rotation": {"angle": 22.5, "axis": "z", "origin": [9.25, 9.5, 8]},
			"faces": {
				"north": {"uv": [0, 3, 1, 7], "texture": "#0"},
				"east": {"uv": [0, 3, 2, 7], "texture": "#0"},
				"south": {"uv": [0, 3, 1, 7], "texture": "#0"},
				"west": {"uv": [0, 3, 2, 7], "texture": "#0"},
				"up": {"uv": [0, 3, 2, 4], "rotation": 90, "texture": "#0"},
				"down": {"uv": [0, 3, 2, 4], "rotation": 270, "texture": "#0"}
			}
		},
		{
			"from": [6.75, 7.5, 7],
			"to": [7.75, 11.5, 9],
			"rotation": {"angle": -22.5, "axis": "z", "origin": [6.75, 9.5, 8]},
			"faces": {
				"north": {"uv": [0, 3, 1, 7], "texture": "#0"},
				"east": {"uv": [0, 3, 2, 7], "texture": "#0"},
				"south": {"uv": [0, 3, 1, 7], "texture": "#0"},
				"west": {"uv": [0, 3, 2, 7], "texture": "#0"},
				"up": {"uv": [0, 3, 2, 4], "rotation": 90, "texture": "#0"},
				"down": {"uv": [0, 3, 2, 4], "rotation": 270, "texture": "#0"}
			}
		},
		{
			"from": [7, 7.5, 6.75],
			"to": [9, 11.5, 7.75],
			"rotation": {"angle": 22.5, "axis": "x", "origin": [8, 9.5, 6.75]},
			"faces": {
				"north": {"uv": [0, 3, 2, 7], "texture": "#0"},
				"east": {"uv": [0, 3, 1, 7], "texture": "#0"},
				"south": {"uv": [0, 3, 2, 7], "texture": "#0"},
				"west": {"uv": [0, 3, 1, 7], "texture": "#0"},
				"up": {"uv": [0, 3, 2, 4], "texture": "#0"},
				"down": {"uv": [0, 3, 2, 4], "texture": "#0"}
			}
		},
		{
			"from": [7, 7.5, 8.25],
			"to": [9, 11.5, 9.25],
			"rotation": {"angle": -22.5, "axis": "x", "origin": [8, 9.5, 9.25]},
			"faces": {
				"north": {"uv": [0, 3, 2, 7], "texture": "#0"},
				"east": {"uv": [0, 3, 1, 7], "texture": "#0"},
				"south": {"uv": [0, 3, 2, 7], "texture": "#0"},
				"west": {"uv": [0, 3, 1, 7], "texture": "#0"},
				"up": {"uv": [0, 3, 2, 4], "texture": "#0"},
				"down": {"uv": [0, 3, 2, 4], "texture": "#0"}
			}
		},
		{
			"from": [7, 4, 6.75],
			"to": [9, 8, 7.75],
			"rotation": {"angle": -22.5, "axis": "x", "origin": [8, 6, 6.75]},
			"faces": {
				"north": {"uv": [0, 3, 2, 7], "texture": "#0"},
				"east": {"uv": [0, 3, 1, 7], "texture": "#0"},
				"south": {"uv": [0, 3, 2, 7], "texture": "#0"},
				"west": {"uv": [0, 3, 1, 7], "texture": "#0"},
				"up": {"uv": [0, 3, 2, 4], "texture": "#0"},
				"down": {"uv": [0, 3, 2, 4], "texture": "#0"}
			}
		},
		{
			"from": [6.75, 4, 7],
			"to": [7.75, 8, 9],
			"rotation": {"angle": 22.5, "axis": "z", "origin": [6.75, 6, 8]},
			"faces": {
				"north": {"uv": [0, 3, 1, 7], "texture": "#0"},
				"east": {"uv": [0, 3, 2, 7], "texture": "#0"},
				"south": {"uv": [0, 3, 1, 7], "texture": "#0"},
				"west": {"uv": [0, 3, 2, 7], "texture": "#0"},
				"up": {"uv": [0, 3, 2, 4], "rotation": 90, "texture": "#0"},
				"down": {"uv": [0, 3, 2, 4], "rotation": 270, "texture": "#0"}
			}
		},
		{
			"from": [8.25, 4, 7],
			"to": [9.25, 8, 9],
			"rotation": {"angle": -22.5, "axis": "z", "origin": [9.25, 6, 8]},
			"faces": {
				"north": {"uv": [0, 3, 1, 7], "texture": "#0"},
				"east": {"uv": [0, 3, 2, 7], "texture": "#0"},
				"south": {"uv": [0, 3, 1, 7], "texture": "#0"},
				"west": {"uv": [0, 3, 2, 7], "texture": "#0"},
				"up": {"uv": [0, 3, 2, 4], "rotation": 90, "texture": "#0"},
				"down": {"uv": [0, 3, 2, 4], "rotation": 270, "texture": "#0"}
			}
		},
		{
			"from": [7.25, 1, 7.25],
			"to": [8.75, 6, 8.75],
			"rotation": {"angle": -45, "axis": "y", "origin": [8, 3.5, 8]},
			"faces": {
				"north": {"uv": [3, 0, 8, 1.5], "rotation": 90, "texture": "#0"},
				"east": {"uv": [3, 0, 8, 1.5], "rotation": 90, "texture": "#0"},
				"south": {"uv": [3, 0, 8, 1.5], "rotation": 90, "texture": "#0"},
				"west": {"uv": [3, 0, 8, 1.5], "rotation": 90, "texture": "#0"},
				"up": {"uv": [3, 0, 4.5, 1.5], "texture": "#0"},
				"down": {"uv": [3, 0, 4.5, 1.5], "texture": "#0"}
			}
		},
		{
			"from": [6.75, 0, 6.75],
			"to": [9.25, 1, 9.25],
			"rotation": {"angle": -45, "axis": "y", "origin": [8, 3.5, 8]},
			"faces": {
				"north": {"uv": [0, 0, 2.5, 1], "texture": "#0"},
				"east": {"uv": [0, 0, 2.5, 1], "texture": "#0"},
				"south": {"uv": [0, 0, 2.5, 1], "texture": "#0"},
				"west": {"uv": [0, 0, 2.5, 1], "texture": "#0"},
				"up": {"uv": [0, 0, 2.5, 2.5], "texture": "#0"},
				"down": {"uv": [0, 0, 2.5, 2.5], "texture": "#0"}
			}
		}
	],
	"display": {
		"thirdperson_righthand": {
			"translation": [0, 0.75, 0],
			"scale": [0.5, 0.5, 0.5]
		},
		"thirdperson_lefthand": {
			"translation": [0, 0.75, 0],
			"scale": [0.5, 0.5, 0.5]
		},
		"firstperson_righthand": {
			"translation": [-2, 6, 2],
			"scale": [0.75, 0.75, 0.75]
		},
		"firstperson_lefthand": {
			"translation": [-2, 6, 2],
			"scale": [0.75, 0.75, 0.75]
		},
		"ground": {
			"translation": [0, 6, 0]
		},
		"gui": {
			"rotation": [90, 90, -90],
			"translation": [0, 2, 0]
		},
		"fixed": {
			"rotation": [0, -90, 0],
			"translation": [0, 2.25, -1]
		}
	},
	"groups": [
		{
			"name": "group",
			"origin": [8, 3.32612, -4.61732],
			"color": 0,
			"children": [0, 1, 2, 3, 4, 5, 6, 7, 8, 9]
		}
	]
}