{
	"credit": "Made with Blockbench",
	"textures": {
		"0": "skguns:item/skgunsammo/machinegunammo",
		"particle": "skguns:item/skgunsammo/machinegunammo"
	},
	"elements": [
		{
			"from": [5.75, 0.75, 6.5],
			"to": [7.25, 1.95, 9.5],
			"rotation": {"angle": -45, "axis": "z", "origin": [7.75, 1, 8]},
			"faces": {
				"north": {"uv": [0, 0, 1.5, 1.2], "texture": "#0"},
				"east": {"uv": [0, 0, 3, 1.2], "texture": "#0"},
				"south": {"uv": [0, 0, 1.5, 1.2], "texture": "#0"},
				"west": {"uv": [3, 1, 10, 3.45], "texture": "#0"},
				"up": {"uv": [0, 0, 1.5, 3], "texture": "#0"},
				"down": {"uv": [0, 0, 1.5, 3], "texture": "#0"}
			}
		},
		{
			"from": [7, 0, 6.5],
			"to": [9, 3.1, 9.5],
			"faces": {
				"north": {"uv": [0, 0, 2, 3.1], "texture": "#0"},
				"east": {"uv": [0, 0, 3, 3.1], "texture": "#0"},
				"south": {"uv": [0, 0, 2, 3.1], "texture": "#0"},
				"west": {"uv": [0, 0, 3, 3.1], "texture": "#0"},
				"up": {"uv": [0, 0, 2, 3], "texture": "#0"},
				"down": {"uv": [0, 0, 2, 3], "texture": "#0"}
			}
		},
		{
			"from": [6.15, 0, 6.5],
			"to": [9, 2.25, 9.5],
			"faces": {
				"north": {"uv": [0, 0, 2.85, 2.25], "texture": "#0"},
				"east": {"uv": [0, 0, 3, 2.25], "texture": "#0"},
				"south": {"uv": [0, 0, 2.85, 2.25], "texture": "#0"},
				"west": {"uv": [0, 0, 3, 2.25], "texture": "#0"},
				"up": {"uv": [0, 0, 2.85, 3], "texture": "#0"},
				"down": {"uv": [0, 0, 2.85, 3], "texture": "#0"}
			}
		},
		{
			"from": [6.4, 2.5, 7],
			"to": [6.9, 3, 8.8],
			"rotation": {"angle": 0, "axis": "y", "origin": [-1.25, 0, 0]},
			"faces": {
				"north": {"uv": [1, 13, 2, 14], "texture": "#0"},
				"east": {"uv": [0, 9.5, 1, 16], "rotation": 90, "texture": "#0"},
				"south": {"uv": [1, 14, 2, 15], "texture": "#0"},
				"west": {"uv": [0, 9.5, 1, 16], "rotation": 270, "texture": "#0"},
				"up": {"uv": [0, 9.5, 1, 16], "texture": "#0"},
				"down": {"uv": [0, 9.5, 1, 16], "rotation": 180, "texture": "#0"}
			}
		},
		{
			"from": [6.5, 3, 7],
			"to": [7, 3.5, 8.8],
			"rotation": {"angle": -22.5, "axis": "z", "origin": [6.75, 3.25, 8]},
			"faces": {
				"north": {"uv": [1, 13, 2, 14], "texture": "#0"},
				"east": {"uv": [0, 9.5, 1, 16], "rotation": 90, "texture": "#0"},
				"south": {"uv": [1, 14, 2, 15], "texture": "#0"},
				"west": {"uv": [0, 9.5, 1, 16], "rotation": 270, "texture": "#0"},
				"up": {"uv": [0, 9.5, 1, 16], "texture": "#0"},
				"down": {"uv": [0, 9.5, 1, 16], "rotation": 180, "texture": "#0"}
			}
		},
		{
			"from": [6.75, 3.3, 7],
			"to": [7.25, 3.8, 8.8],
			"rotation": {"angle": 22.5, "axis": "z", "origin": [7, 3.75, 8]},
			"faces": {
				"north": {"uv": [1, 13, 2, 14], "texture": "#0"},
				"east": {"uv": [0, 9.5, 1, 16], "rotation": 90, "texture": "#0"},
				"south": {"uv": [1, 14, 2, 15], "texture": "#0"},
				"west": {"uv": [0, 9.5, 1, 16], "rotation": 270, "texture": "#0"},
				"up": {"uv": [0, 9.5, 1, 16], "texture": "#0"},
				"down": {"uv": [0, 9.5, 1, 16], "rotation": 180, "texture": "#0"}
			}
		},
		{
			"from": [7.3, 3.45, 7],
			"to": [7.8, 3.95, 8.8],
			"rotation": {"angle": 0, "axis": "y", "origin": [8, 3.75, 8]},
			"faces": {
				"north": {"uv": [1, 13, 2, 14], "texture": "#0"},
				"east": {"uv": [0, 9.5, 1, 16], "rotation": 90, "texture": "#0"},
				"south": {"uv": [1, 14, 2, 15], "texture": "#0"},
				"west": {"uv": [0, 9.5, 1, 16], "rotation": 270, "texture": "#0"},
				"up": {"uv": [0, 9.5, 1, 16], "texture": "#0"},
				"down": {"uv": [0, 9.5, 1, 16], "rotation": 180, "texture": "#0"}
			}
		},
		{
			"from": [7.85, 3.45, 7],
			"to": [8.35, 3.95, 8.8],
			"rotation": {"angle": 0, "axis": "z", "origin": [8, 3.75, 8]},
			"faces": {
				"north": {"uv": [1, 13, 2, 14], "texture": "#0"},
				"east": {"uv": [0, 9.5, 1, 16], "rotation": 90, "texture": "#0"},
				"south": {"uv": [1, 14, 2, 15], "texture": "#0"},
				"west": {"uv": [0, 9.5, 1, 16], "rotation": 270, "texture": "#0"},
				"up": {"uv": [0, 9.5, 1, 16], "texture": "#0"},
				"down": {"uv": [0, 9.5, 1, 16], "rotation": 180, "texture": "#0"}
			}
		},
		{
			"from": [8.4, 3.6, 7],
			"to": [8.9, 4.1, 8.8],
			"rotation": {"angle": -22.5, "axis": "z", "origin": [8, 3.75, 8]},
			"faces": {
				"north": {"uv": [1, 13, 2, 14], "texture": "#0"},
				"east": {"uv": [0, 9.5, 1, 16], "rotation": 90, "texture": "#0"},
				"south": {"uv": [1, 14, 2, 15], "texture": "#0"},
				"west": {"uv": [0, 9.5, 1, 16], "rotation": 270, "texture": "#0"},
				"up": {"uv": [0, 9.5, 1, 16], "texture": "#0"},
				"down": {"uv": [0, 9.5, 1, 16], "rotation": 180, "texture": "#0"}
			}
		},
		{
			"from": [8.2, 2.4, 7],
			"to": [8.7, 2.9, 8.8],
			"rotation": {"angle": 45, "axis": "z", "origin": [8, 3.75, 8]},
			"faces": {
				"north": {"uv": [1, 13, 2, 14], "texture": "#0"},
				"east": {"uv": [0, 9.5, 1, 16], "rotation": 90, "texture": "#0"},
				"south": {"uv": [1, 14, 2, 15], "texture": "#0"},
				"west": {"uv": [0, 9.5, 1, 16], "rotation": 270, "texture": "#0"},
				"up": {"uv": [0, 9.5, 1, 16], "texture": "#0"},
				"down": {"uv": [0, 9.5, 1, 16], "rotation": 180, "texture": "#0"}
			}
		},
		{
			"from": [8.95, 2.55, 7],
			"to": [9.45, 3.05, 8.8],
			"rotation": {"angle": 0, "axis": "z", "origin": [8, 3.75, 8]},
			"faces": {
				"north": {"uv": [1, 13, 2, 14], "texture": "#0"},
				"east": {"uv": [0, 9.5, 1, 16], "rotation": 90, "texture": "#0"},
				"south": {"uv": [1, 14, 2, 15], "texture": "#0"},
				"west": {"uv": [0, 9.5, 1, 16], "rotation": 270, "texture": "#0"},
				"up": {"uv": [0, 9.5, 1, 16], "texture": "#0"},
				"down": {"uv": [0, 9.5, 1, 16], "rotation": 180, "texture": "#0"}
			}
		},
		{
			"from": [8.95, 2, 7],
			"to": [9.45, 2.5, 8.8],
			"rotation": {"angle": 0, "axis": "y", "origin": [8, 3.75, 8]},
			"faces": {
				"north": {"uv": [1, 13, 2, 14], "texture": "#0"},
				"east": {"uv": [0, 9.5, 1, 16], "rotation": 90, "texture": "#0"},
				"south": {"uv": [1, 14, 2, 15], "texture": "#0"},
				"west": {"uv": [0, 9.5, 1, 16], "rotation": 270, "texture": "#0"},
				"up": {"uv": [0, 9.5, 1, 16], "texture": "#0"},
				"down": {"uv": [0, 9.5, 1, 16], "rotation": 180, "texture": "#0"}
			}
		},
		{
			"from": [8.95, 1.45, 7],
			"to": [9.45, 1.95, 8.8],
			"rotation": {"angle": 0, "axis": "y", "origin": [8, 3.75, 8]},
			"faces": {
				"north": {"uv": [1, 13, 2, 14], "texture": "#0"},
				"east": {"uv": [0, 9.5, 1, 16], "rotation": 90, "texture": "#0"},
				"south": {"uv": [1, 14, 2, 15], "texture": "#0"},
				"west": {"uv": [0, 9.5, 1, 16], "rotation": 270, "texture": "#0"},
				"up": {"uv": [0, 9.5, 1, 16], "texture": "#0"},
				"down": {"uv": [0, 9.5, 1, 16], "rotation": 180, "texture": "#0"}
			}
		},
		{
			"from": [6.525, 3.025, 8.8],
			"to": [6.975, 3.475, 8.9],
			"rotation": {"angle": -22.5, "axis": "z", "origin": [6.75, 3.25, 8]},
			"faces": {
				"north": {"uv": [1, 15, 2, 16], "texture": "#0"},
				"east": {"uv": [1, 15, 2, 16], "texture": "#0"},
				"south": {"uv": [1, 15, 2, 16], "texture": "#0"},
				"west": {"uv": [1, 15, 2, 16], "texture": "#0"},
				"up": {"uv": [1, 15, 2, 16], "texture": "#0"},
				"down": {"uv": [1, 15, 2, 16], "texture": "#0"}
			}
		},
		{
			"from": [6.425, 2.525, 8.8],
			"to": [6.875, 2.975, 8.9],
			"rotation": {"angle": 0, "axis": "y", "origin": [-1.25, 0, 0]},
			"faces": {
				"north": {"uv": [1, 15, 2, 16], "texture": "#0"},
				"east": {"uv": [1, 15, 2, 16], "texture": "#0"},
				"south": {"uv": [1, 15, 2, 16], "texture": "#0"},
				"west": {"uv": [1, 15, 2, 16], "texture": "#0"},
				"up": {"uv": [1, 15, 2, 16], "texture": "#0"},
				"down": {"uv": [1, 15, 2, 16], "texture": "#0"}
			}
		},
		{
			"from": [6.775, 3.325, 8.8],
			"to": [7.225, 3.775, 8.9],
			"rotation": {"angle": 22.5, "axis": "z", "origin": [7, 3.75, 8]},
			"faces": {
				"north": {"uv": [1, 15, 2, 16], "rotation": 270, "texture": "#0"},
				"east": {"uv": [1, 15, 2, 16], "rotation": 90, "texture": "#0"},
				"south": {"uv": [1, 15, 2, 16], "rotation": 90, "texture": "#0"},
				"west": {"uv": [1, 15, 2, 16], "rotation": 90, "texture": "#0"},
				"up": {"uv": [1, 15, 2, 16], "rotation": 90, "texture": "#0"},
				"down": {"uv": [1, 15, 2, 16], "rotation": 90, "texture": "#0"}
			}
		},
		{
			"from": [7.875, 3.475, 8.8],
			"to": [8.325, 3.925, 8.9],
			"rotation": {"angle": 0, "axis": "y", "origin": [8, 3.75, 8]},
			"faces": {
				"north": {"uv": [1, 15, 2, 16], "rotation": 270, "texture": "#0"},
				"east": {"uv": [1, 15, 2, 16], "rotation": 90, "texture": "#0"},
				"south": {"uv": [1, 15, 2, 16], "rotation": 90, "texture": "#0"},
				"west": {"uv": [1, 15, 2, 16], "rotation": 90, "texture": "#0"},
				"up": {"uv": [1, 15, 2, 16], "rotation": 90, "texture": "#0"},
				"down": {"uv": [1, 15, 2, 16], "rotation": 90, "texture": "#0"}
			}
		},
		{
			"from": [7.325, 3.475, 8.8],
			"to": [7.775, 3.925, 8.9],
			"rotation": {"angle": 0, "axis": "y", "origin": [8, 3.75, 8]},
			"faces": {
				"north": {"uv": [1, 15, 2, 16], "rotation": 270, "texture": "#0"},
				"east": {"uv": [1, 15, 2, 16], "rotation": 90, "texture": "#0"},
				"south": {"uv": [1, 15, 2, 16], "rotation": 90, "texture": "#0"},
				"west": {"uv": [1, 15, 2, 16], "rotation": 90, "texture": "#0"},
				"up": {"uv": [1, 15, 2, 16], "rotation": 90, "texture": "#0"},
				"down": {"uv": [1, 15, 2, 16], "rotation": 90, "texture": "#0"}
			}
		},
		{
			"from": [8.425, 3.625, 8.8],
			"to": [8.875, 4.075, 8.9],
			"rotation": {"angle": -22.5, "axis": "z", "origin": [8, 3.75, 8]},
			"faces": {
				"north": {"uv": [1, 15, 2, 16], "rotation": 270, "texture": "#0"},
				"east": {"uv": [1, 15, 2, 16], "rotation": 90, "texture": "#0"},
				"south": {"uv": [1, 15, 2, 16], "rotation": 90, "texture": "#0"},
				"west": {"uv": [1, 15, 2, 16], "rotation": 90, "texture": "#0"},
				"up": {"uv": [1, 15, 2, 16], "rotation": 90, "texture": "#0"},
				"down": {"uv": [1, 15, 2, 16], "rotation": 90, "texture": "#0"}
			}
		},
		{
			"from": [8.225, 2.425, 8.8],
			"to": [8.675, 2.875, 8.9],
			"rotation": {"angle": 45, "axis": "z", "origin": [8, 3.75, 8]},
			"faces": {
				"north": {"uv": [1, 15, 2, 16], "rotation": 180, "texture": "#0"},
				"east": {"uv": [1, 15, 2, 16], "rotation": 180, "texture": "#0"},
				"south": {"uv": [1, 15, 2, 16], "rotation": 180, "texture": "#0"},
				"west": {"uv": [1, 15, 2, 16], "rotation": 180, "texture": "#0"},
				"up": {"uv": [1, 15, 2, 16], "rotation": 180, "texture": "#0"},
				"down": {"uv": [1, 15, 2, 16], "rotation": 180, "texture": "#0"}
			}
		},
		{
			"from": [8.975, 2.575, 8.8],
			"to": [9.425, 3.025, 8.9],
			"rotation": {"angle": 0, "axis": "y", "origin": [8, 3.75, 8]},
			"faces": {
				"north": {"uv": [1, 15, 2, 16], "rotation": 180, "texture": "#0"},
				"east": {"uv": [1, 15, 2, 16], "rotation": 180, "texture": "#0"},
				"south": {"uv": [1, 15, 2, 16], "rotation": 180, "texture": "#0"},
				"west": {"uv": [1, 15, 2, 16], "rotation": 180, "texture": "#0"},
				"up": {"uv": [1, 15, 2, 16], "rotation": 180, "texture": "#0"},
				"down": {"uv": [1, 15, 2, 16], "rotation": 180, "texture": "#0"}
			}
		},
		{
			"from": [8.975, 2.025, 8.8],
			"to": [9.425, 2.475, 8.9],
			"rotation": {"angle": 0, "axis": "y", "origin": [8, 3.75, 8]},
			"faces": {
				"north": {"uv": [1, 15, 2, 16], "rotation": 180, "texture": "#0"},
				"east": {"uv": [1, 15, 2, 16], "rotation": 180, "texture": "#0"},
				"south": {"uv": [1, 15, 2, 16], "rotation": 180, "texture": "#0"},
				"west": {"uv": [1, 15, 2, 16], "rotation": 180, "texture": "#0"},
				"up": {"uv": [1, 15, 2, 16], "rotation": 180, "texture": "#0"},
				"down": {"uv": [1, 15, 2, 16], "rotation": 180, "texture": "#0"}
			}
		},
		{
			"from": [8.975, 1.475, 8.8],
			"to": [9.425, 1.925, 8.9],
			"rotation": {"angle": 0, "axis": "y", "origin": [8, 3.75, 8]},
			"faces": {
				"north": {"uv": [1, 15, 2, 16], "rotation": 180, "texture": "#0"},
				"east": {"uv": [1, 15, 2, 16], "rotation": 180, "texture": "#0"},
				"south": {"uv": [1, 15, 2, 16], "rotation": 180, "texture": "#0"},
				"west": {"uv": [1, 15, 2, 16], "rotation": 180, "texture": "#0"},
				"up": {"uv": [1, 15, 2, 16], "rotation": 180, "texture": "#0"},
				"down": {"uv": [1, 15, 2, 16], "rotation": 180, "texture": "#0"}
			}
		},
		{
			"from": [6.5, 3, 8.9],
			"to": [7, 3.5, 9],
			"rotation": {"angle": -22.5, "axis": "z", "origin": [6.75, 3.25, 8]},
			"faces": {
				"north": {"uv": [1, 14, 2, 15], "texture": "#0"},
				"east": {"uv": [1, 14, 2, 15], "texture": "#0"},
				"south": {"uv": [1, 14, 2, 15], "texture": "#0"},
				"west": {"uv": [1, 14, 2, 15], "texture": "#0"},
				"up": {"uv": [1, 14, 2, 15], "texture": "#0"},
				"down": {"uv": [1, 14, 2, 15], "texture": "#0"}
			}
		},
		{
			"from": [6.4, 2.5, 8.9],
			"to": [6.9, 3, 9],
			"rotation": {"angle": 0, "axis": "y", "origin": [-1.25, 0, 0]},
			"faces": {
				"north": {"uv": [1, 14, 2, 15], "texture": "#0"},
				"east": {"uv": [1, 14, 2, 15], "texture": "#0"},
				"south": {"uv": [1, 14, 2, 15], "texture": "#0"},
				"west": {"uv": [1, 14, 2, 15], "texture": "#0"},
				"up": {"uv": [1, 14, 2, 15], "texture": "#0"},
				"down": {"uv": [1, 14, 2, 15], "texture": "#0"}
			}
		},
		{
			"from": [6.75, 3.3, 8.9],
			"to": [7.25, 3.8, 9],
			"rotation": {"angle": 22.5, "axis": "z", "origin": [7, 3.75, 8]},
			"faces": {
				"north": {"uv": [1, 14, 2, 15], "rotation": 270, "texture": "#0"},
				"east": {"uv": [1, 14, 2, 15], "rotation": 90, "texture": "#0"},
				"south": {"uv": [1, 14, 2, 15], "rotation": 90, "texture": "#0"},
				"west": {"uv": [1, 14, 2, 15], "rotation": 90, "texture": "#0"},
				"up": {"uv": [1, 14, 2, 15], "rotation": 90, "texture": "#0"},
				"down": {"uv": [1, 14, 2, 15], "rotation": 90, "texture": "#0"}
			}
		},
		{
			"from": [7.85, 3.45, 8.9],
			"to": [8.35, 3.95, 9],
			"rotation": {"angle": 0, "axis": "y", "origin": [8, 3.75, 8]},
			"faces": {
				"north": {"uv": [1, 14, 2, 15], "rotation": 270, "texture": "#0"},
				"east": {"uv": [1, 14, 2, 15], "rotation": 90, "texture": "#0"},
				"south": {"uv": [1, 14, 2, 15], "rotation": 90, "texture": "#0"},
				"west": {"uv": [1, 14, 2, 15], "rotation": 90, "texture": "#0"},
				"up": {"uv": [1, 14, 2, 15], "rotation": 90, "texture": "#0"},
				"down": {"uv": [1, 14, 2, 15], "rotation": 90, "texture": "#0"}
			}
		},
		{
			"from": [7.3, 3.45, 8.9],
			"to": [7.8, 3.95, 9],
			"rotation": {"angle": 0, "axis": "y", "origin": [8, 3.75, 8]},
			"faces": {
				"north": {"uv": [1, 14, 2, 15], "rotation": 270, "texture": "#0"},
				"east": {"uv": [1, 14, 2, 15], "rotation": 90, "texture": "#0"},
				"south": {"uv": [1, 14, 2, 15], "rotation": 90, "texture": "#0"},
				"west": {"uv": [1, 14, 2, 15], "rotation": 90, "texture": "#0"},
				"up": {"uv": [1, 14, 2, 15], "rotation": 90, "texture": "#0"},
				"down": {"uv": [1, 14, 2, 15], "rotation": 90, "texture": "#0"}
			}
		},
		{
			"from": [8.4, 3.6, 8.9],
			"to": [8.9, 4.1, 9],
			"rotation": {"angle": -22.5, "axis": "z", "origin": [8, 3.75, 8]},
			"faces": {
				"north": {"uv": [1, 14, 2, 15], "rotation": 270, "texture": "#0"},
				"east": {"uv": [1, 14, 2, 15], "rotation": 90, "texture": "#0"},
				"south": {"uv": [1, 14, 2, 15], "rotation": 90, "texture": "#0"},
				"west": {"uv": [1, 14, 2, 15], "rotation": 90, "texture": "#0"},
				"up": {"uv": [1, 14, 2, 15], "rotation": 90, "texture": "#0"},
				"down": {"uv": [1, 14, 2, 15], "rotation": 90, "texture": "#0"}
			}
		},
		{
			"from": [8.2, 2.4, 8.9],
			"to": [8.7, 2.9, 9],
			"rotation": {"angle": 45, "axis": "z", "origin": [8, 3.75, 8]},
			"faces": {
				"north": {"uv": [1, 14, 2, 15], "rotation": 180, "texture": "#0"},
				"east": {"uv": [1, 14, 2, 15], "rotation": 180, "texture": "#0"},
				"south": {"uv": [1, 14, 2, 15], "rotation": 180, "texture": "#0"},
				"west": {"uv": [1, 14, 2, 15], "rotation": 180, "texture": "#0"},
				"up": {"uv": [1, 14, 2, 15], "rotation": 180, "texture": "#0"},
				"down": {"uv": [1, 14, 2, 15], "rotation": 180, "texture": "#0"}
			}
		},
		{
			"from": [8.95, 2.55, 8.9],
			"to": [9.45, 3.05, 9],
			"rotation": {"angle": 0, "axis": "y", "origin": [8, 3.75, 8]},
			"faces": {
				"north": {"uv": [1, 14, 2, 15], "rotation": 180, "texture": "#0"},
				"east": {"uv": [1, 14, 2, 15], "rotation": 180, "texture": "#0"},
				"south": {"uv": [1, 14, 2, 15], "rotation": 180, "texture": "#0"},
				"west": {"uv": [1, 14, 2, 15], "rotation": 180, "texture": "#0"},
				"up": {"uv": [1, 14, 2, 15], "rotation": 180, "texture": "#0"},
				"down": {"uv": [1, 14, 2, 15], "rotation": 180, "texture": "#0"}
			}
		},
		{
			"from": [8.95, 2, 8.9],
			"to": [9.45, 2.5, 9],
			"rotation": {"angle": 0, "axis": "y", "origin": [8, 3.75, 8]},
			"faces": {
				"north": {"uv": [1, 14, 2, 15], "rotation": 180, "texture": "#0"},
				"east": {"uv": [1, 14, 2, 15], "rotation": 180, "texture": "#0"},
				"south": {"uv": [1, 14, 2, 15], "rotation": 180, "texture": "#0"},
				"west": {"uv": [1, 14, 2, 15], "rotation": 180, "texture": "#0"},
				"up": {"uv": [1, 14, 2, 15], "rotation": 180, "texture": "#0"},
				"down": {"uv": [1, 14, 2, 15], "rotation": 180, "texture": "#0"}
			}
		},
		{
			"from": [8.95, 1.45, 8.9],
			"to": [9.45, 1.95, 9],
			"rotation": {"angle": 0, "axis": "y", "origin": [8, 3.75, 8]},
			"faces": {
				"north": {"uv": [1, 14, 2, 15], "rotation": 180, "texture": "#0"},
				"east": {"uv": [1, 14, 2, 15], "rotation": 180, "texture": "#0"},
				"south": {"uv": [1, 14, 2, 15], "rotation": 180, "texture": "#0"},
				"west": {"uv": [1, 14, 2, 15], "rotation": 180, "texture": "#0"},
				"up": {"uv": [1, 14, 2, 15], "rotation": 180, "texture": "#0"},
				"down": {"uv": [1, 14, 2, 15], "rotation": 180, "texture": "#0"}
			}
		},
		{
			"from": [6.45, 2.95, 7.5],
			"to": [7.05, 3.55, 8],
			"rotation": {"angle": -22.5, "axis": "z", "origin": [6.75, 3.25, 8]},
			"faces": {
				"north": {"uv": [3, 4, 6, 7], "texture": "#0"},
				"east": {"uv": [0, 4, 3, 7], "rotation": 90, "texture": "#0"},
				"south": {"uv": [3, 4, 6, 7], "texture": "#0"},
				"west": {"uv": [0, 4, 3, 7], "rotation": 90, "texture": "#0"},
				"up": {"uv": [0, 4, 3, 7], "texture": "#0"},
				"down": {"uv": [0, 4, 3, 7], "texture": "#0"}
			}
		},
		{
			"from": [6.35, 2.45, 7.5],
			"to": [6.95, 3.05, 8],
			"rotation": {"angle": 0, "axis": "y", "origin": [-1.25, 0, 0]},
			"faces": {
				"north": {"uv": [3, 4, 6, 7], "texture": "#0"},
				"east": {"uv": [0, 4, 3, 7], "rotation": 90, "texture": "#0"},
				"south": {"uv": [3, 4, 6, 7], "texture": "#0"},
				"west": {"uv": [0, 4, 3, 7], "rotation": 90, "texture": "#0"},
				"up": {"uv": [0, 4, 3, 7], "texture": "#0"},
				"down": {"uv": [0, 4, 3, 7], "texture": "#0"}
			}
		},
		{
			"from": [6.7, 3.25, 7.5],
			"to": [7.3, 3.85, 8],
			"rotation": {"angle": 22.5, "axis": "z", "origin": [7, 3.75, 8]},
			"faces": {
				"north": {"uv": [3, 4, 6, 7], "rotation": 270, "texture": "#0"},
				"east": {"uv": [0, 4, 3, 7], "rotation": 90, "texture": "#0"},
				"south": {"uv": [3, 4, 6, 7], "rotation": 90, "texture": "#0"},
				"west": {"uv": [0, 4, 3, 7], "rotation": 90, "texture": "#0"},
				"up": {"uv": [0, 4, 3, 7], "texture": "#0"},
				"down": {"uv": [0, 4, 3, 7], "rotation": 90, "texture": "#0"}
			}
		},
		{
			"from": [7.8, 3.4, 7.5],
			"to": [8.4, 4, 8],
			"rotation": {"angle": 0, "axis": "y", "origin": [8, 3.75, 8]},
			"faces": {
				"north": {"uv": [3, 4, 6, 7], "rotation": 270, "texture": "#0"},
				"east": {"uv": [0, 4, 3, 7], "rotation": 90, "texture": "#0"},
				"south": {"uv": [3, 4, 6, 7], "rotation": 90, "texture": "#0"},
				"west": {"uv": [0, 4, 3, 7], "rotation": 90, "texture": "#0"},
				"up": {"uv": [0, 4, 3, 7], "texture": "#0"},
				"down": {"uv": [0, 4, 3, 7], "rotation": 90, "texture": "#0"}
			}
		},
		{
			"from": [7.25, 3.4, 7.5],
			"to": [7.85, 4, 8],
			"rotation": {"angle": 0, "axis": "y", "origin": [8, 3.75, 8]},
			"faces": {
				"north": {"uv": [3, 4, 6, 7], "rotation": 270, "texture": "#0"},
				"east": {"uv": [0, 4, 3, 7], "rotation": 90, "texture": "#0"},
				"south": {"uv": [3, 4, 6, 7], "rotation": 90, "texture": "#0"},
				"west": {"uv": [0, 4, 3, 7], "rotation": 90, "texture": "#0"},
				"up": {"uv": [0, 4, 3, 7], "texture": "#0"},
				"down": {"uv": [0, 4, 3, 7], "rotation": 90, "texture": "#0"}
			}
		},
		{
			"from": [8.35, 3.55, 7.5],
			"to": [8.95, 4.15, 8],
			"rotation": {"angle": -22.5, "axis": "z", "origin": [8, 3.75, 8]},
			"faces": {
				"north": {"uv": [3, 4, 6, 7], "rotation": 270, "texture": "#0"},
				"east": {"uv": [0, 4, 3, 7], "rotation": 90, "texture": "#0"},
				"south": {"uv": [3, 4, 6, 7], "rotation": 90, "texture": "#0"},
				"west": {"uv": [0, 4, 3, 7], "rotation": 90, "texture": "#0"},
				"up": {"uv": [0, 4, 3, 7], "texture": "#0"},
				"down": {"uv": [0, 4, 3, 7], "rotation": 90, "texture": "#0"}
			}
		},
		{
			"from": [8.15, 2.35, 7.5],
			"to": [8.75, 2.95, 8],
			"rotation": {"angle": 45, "axis": "z", "origin": [8, 3.75, 8]},
			"faces": {
				"north": {"uv": [3, 4, 6, 7], "rotation": 180, "texture": "#0"},
				"east": {"uv": [0, 4, 3, 7], "rotation": 90, "texture": "#0"},
				"south": {"uv": [3, 4, 6, 7], "rotation": 180, "texture": "#0"},
				"west": {"uv": [0, 4, 3, 7], "rotation": 90, "texture": "#0"},
				"up": {"uv": [0, 4, 3, 7], "texture": "#0"},
				"down": {"uv": [0, 4, 3, 7], "rotation": 180, "texture": "#0"}
			}
		},
		{
			"from": [8.9, 2.5, 7.5],
			"to": [9.5, 3.1, 8],
			"rotation": {"angle": 0, "axis": "y", "origin": [8, 3.75, 8]},
			"faces": {
				"north": {"uv": [3, 4, 6, 7], "rotation": 180, "texture": "#0"},
				"east": {"uv": [0, 4, 3, 7], "rotation": 90, "texture": "#0"},
				"south": {"uv": [3, 4, 6, 7], "rotation": 180, "texture": "#0"},
				"west": {"uv": [0, 4, 3, 7], "rotation": 90, "texture": "#0"},
				"up": {"uv": [0, 4, 3, 7], "texture": "#0"},
				"down": {"uv": [0, 4, 3, 7], "rotation": 180, "texture": "#0"}
			}
		},
		{
			"from": [8.9, 1.95, 7.5],
			"to": [9.5, 2.55, 8],
			"rotation": {"angle": 0, "axis": "y", "origin": [8, 3.75, 8]},
			"faces": {
				"north": {"uv": [3, 4, 6, 7], "rotation": 180, "texture": "#0"},
				"east": {"uv": [0, 4, 3, 7], "rotation": 90, "texture": "#0"},
				"south": {"uv": [3, 4, 6, 7], "rotation": 180, "texture": "#0"},
				"west": {"uv": [0, 4, 3, 7], "rotation": 90, "texture": "#0"},
				"up": {"uv": [0, 4, 3, 7], "texture": "#0"},
				"down": {"uv": [0, 4, 3, 7], "rotation": 180, "texture": "#0"}
			}
		},
		{
			"from": [8.9, 1.4, 7.5],
			"to": [9.5, 2, 8],
			"rotation": {"angle": 0, "axis": "y", "origin": [8, 3.75, 8]},
			"faces": {
				"north": {"uv": [3, 4, 6, 7], "rotation": 180, "texture": "#0"},
				"east": {"uv": [0, 4, 3, 7], "rotation": 90, "texture": "#0"},
				"south": {"uv": [3, 4, 6, 7], "rotation": 180, "texture": "#0"},
				"west": {"uv": [0, 4, 3, 7], "rotation": 90, "texture": "#0"},
				"up": {"uv": [0, 4, 3, 7], "texture": "#0"},
				"down": {"uv": [0, 4, 3, 7], "rotation": 180, "texture": "#0"}
			}
		},
		{
			"from": [6.71452, 0.2, 5.10174],
			"to": [7.21452, 2, 5.60174],
			"rotation": {"angle": -22.5, "axis": "y", "origin": [6.43253, 1, 6.85949]},
			"faces": {
				"north": {"uv": [0, 9.5, 1, 16], "texture": "#0"},
				"east": {"uv": [0, 9.5, 1, 16], "texture": "#0"},
				"south": {"uv": [0, 9.5, 1, 16], "texture": "#0"},
				"west": {"uv": [0, 9.5, 1, 16], "texture": "#0"},
				"up": {"uv": [1, 13, 2, 14], "rotation": 180, "texture": "#0"},
				"down": {"uv": [1, 14, 2, 15], "texture": "#0"}
			}
		},
		{
			"from": [6.68907, 0.2, 5.32875],
			"to": [7.18907, 2, 5.82875],
			"rotation": {"angle": 0, "axis": "y", "origin": [6.43253, 1, 6.85949]},
			"faces": {
				"north": {"uv": [0, 9.5, 1, 16], "texture": "#0"},
				"east": {"uv": [0, 9.5, 1, 16], "texture": "#0"},
				"south": {"uv": [0, 9.5, 1, 16], "texture": "#0"},
				"west": {"uv": [0, 9.5, 1, 16], "texture": "#0"},
				"up": {"uv": [1, 13, 2, 14], "rotation": 180, "texture": "#0"},
				"down": {"uv": [1, 14, 2, 15], "texture": "#0"}
			}
		},
		{
			"from": [6.54803, 0.2, 5.48287],
			"to": [7.04803, 2, 5.98287],
			"rotation": {"angle": 22.5, "axis": "y", "origin": [6.43253, 1, 6.85949]},
			"faces": {
				"north": {"uv": [0, 9.5, 1, 16], "texture": "#0"},
				"east": {"uv": [0, 9.5, 1, 16], "texture": "#0"},
				"south": {"uv": [0, 9.5, 1, 16], "texture": "#0"},
				"west": {"uv": [0, 9.5, 1, 16], "texture": "#0"},
				"up": {"uv": [1, 13, 2, 14], "rotation": 180, "texture": "#0"},
				"down": {"uv": [1, 14, 2, 15], "texture": "#0"}
			}
		},
		{
			"from": [6.35876, 0.2, 5.57128],
			"to": [6.85876, 2, 6.07128],
			"rotation": {"angle": 45, "axis": "y", "origin": [6.43253, 1, 6.85949]},
			"faces": {
				"north": {"uv": [0, 9.5, 1, 16], "texture": "#0"},
				"east": {"uv": [0, 9.5, 1, 16], "texture": "#0"},
				"south": {"uv": [0, 9.5, 1, 16], "texture": "#0"},
				"west": {"uv": [0, 9.5, 1, 16], "texture": "#0"},
				"up": {"uv": [1, 13, 2, 14], "rotation": 180, "texture": "#0"},
				"down": {"uv": [1, 14, 2, 15], "texture": "#0"}
			}
		},
		{
			"from": [5.15356, 0.2, 6.64197],
			"to": [5.65356, 2, 7.14197],
			"rotation": {"angle": -22.5, "axis": "y", "origin": [6.43253, 1, 6.85949]},
			"faces": {
				"north": {"uv": [0, 9.5, 1, 16], "texture": "#0"},
				"east": {"uv": [0, 9.5, 1, 16], "texture": "#0"},
				"south": {"uv": [0, 9.5, 1, 16], "texture": "#0"},
				"west": {"uv": [0, 9.5, 1, 16], "texture": "#0"},
				"up": {"uv": [1, 13, 2, 14], "rotation": 90, "texture": "#0"},
				"down": {"uv": [1, 14, 2, 15], "rotation": 90, "texture": "#0"}
			}
		},
		{
			"from": [5.15356, 0.2, 7.19197],
			"to": [5.65356, 2, 7.69197],
			"rotation": {"angle": -22.5, "axis": "y", "origin": [6.43253, 1, 6.85949]},
			"faces": {
				"north": {"uv": [0, 9.5, 1, 16], "texture": "#0"},
				"east": {"uv": [0, 9.5, 1, 16], "texture": "#0"},
				"south": {"uv": [0, 9.5, 1, 16], "texture": "#0"},
				"west": {"uv": [0, 9.5, 1, 16], "texture": "#0"},
				"up": {"uv": [1, 13, 2, 14], "rotation": 90, "texture": "#0"},
				"down": {"uv": [1, 14, 2, 15], "rotation": 90, "texture": "#0"}
			}
		},
		{
			"from": [5.15356, 0.2, 7.74197],
			"to": [5.65356, 2, 8.24197],
			"rotation": {"angle": -22.5, "axis": "y", "origin": [6.43253, 1, 6.85949]},
			"faces": {
				"north": {"uv": [0, 9.5, 1, 16], "texture": "#0"},
				"east": {"uv": [0, 9.5, 1, 16], "texture": "#0"},
				"south": {"uv": [0, 9.5, 1, 16], "texture": "#0"},
				"west": {"uv": [0, 9.5, 1, 16], "texture": "#0"},
				"up": {"uv": [1, 13, 2, 14], "rotation": 90, "texture": "#0"},
				"down": {"uv": [1, 14, 2, 15], "rotation": 90, "texture": "#0"}
			}
		},
		{
			"from": [4.67856, 0.2, 7.84197],
			"to": [5.17856, 2, 8.34197],
			"rotation": {"angle": 0, "axis": "y", "origin": [6.43253, 1, 6.85949]},
			"faces": {
				"north": {"uv": [0, 9.5, 1, 16], "texture": "#0"},
				"east": {"uv": [0, 9.5, 1, 16], "texture": "#0"},
				"south": {"uv": [0, 9.5, 1, 16], "texture": "#0"},
				"west": {"uv": [0, 9.5, 1, 16], "texture": "#0"},
				"up": {"uv": [1, 13, 2, 14], "rotation": 90, "texture": "#0"},
				"down": {"uv": [1, 14, 2, 15], "rotation": 90, "texture": "#0"}
			}
		},
		{
			"from": [4.70356, 0.1, 7.86697],
			"to": [5.15356, 0.2, 8.31697],
			"rotation": {"angle": 0, "axis": "y", "origin": [6.43253, 1, 6.85949]},
			"faces": {
				"north": {"uv": [1, 15, 2, 16], "rotation": 270, "texture": "#0"},
				"east": {"uv": [1, 15, 2, 16], "texture": "#0"},
				"south": {"uv": [1, 15, 2, 16], "rotation": 90, "texture": "#0"},
				"west": {"uv": [1, 15, 2, 16], "rotation": 180, "texture": "#0"},
				"up": {"uv": [1, 15, 2, 16], "rotation": 90, "texture": "#0"},
				"down": {"uv": [1, 15, 2, 16], "rotation": 90, "texture": "#0"}
			}
		},
		{
			"from": [6.73952, 0.1, 5.12674],
			"to": [7.18952, 0.2, 5.57674],
			"rotation": {"angle": -22.5, "axis": "y", "origin": [6.43253, 1, 6.85949]},
			"faces": {
				"north": {"uv": [1, 15, 2, 16], "rotation": 180, "texture": "#0"},
				"east": {"uv": [1, 15, 2, 16], "rotation": 270, "texture": "#0"},
				"south": {"uv": [1, 15, 2, 16], "texture": "#0"},
				"west": {"uv": [1, 15, 2, 16], "rotation": 90, "texture": "#0"},
				"up": {"uv": [1, 15, 2, 16], "rotation": 180, "texture": "#0"},
				"down": {"uv": [1, 15, 2, 16], "texture": "#0"}
			}
		},
		{
			"from": [6.71407, 0.1, 5.35375],
			"to": [7.16407, 0.2, 5.80375],
			"rotation": {"angle": 0, "axis": "y", "origin": [6.43253, 1, 6.85949]},
			"faces": {
				"north": {"uv": [1, 15, 2, 16], "rotation": 180, "texture": "#0"},
				"east": {"uv": [1, 15, 2, 16], "rotation": 270, "texture": "#0"},
				"south": {"uv": [1, 15, 2, 16], "texture": "#0"},
				"west": {"uv": [1, 15, 2, 16], "rotation": 90, "texture": "#0"},
				"up": {"uv": [1, 15, 2, 16], "rotation": 180, "texture": "#0"},
				"down": {"uv": [1, 15, 2, 16], "texture": "#0"}
			}
		},
		{
			"from": [6.57303, 0.1, 5.50787],
			"to": [7.02303, 0.2, 5.95787],
			"rotation": {"angle": 22.5, "axis": "y", "origin": [6.43253, 1, 6.85949]},
			"faces": {
				"north": {"uv": [1, 15, 2, 16], "rotation": 180, "texture": "#0"},
				"east": {"uv": [1, 15, 2, 16], "rotation": 270, "texture": "#0"},
				"south": {"uv": [1, 15, 2, 16], "texture": "#0"},
				"west": {"uv": [1, 15, 2, 16], "rotation": 90, "texture": "#0"},
				"up": {"uv": [1, 15, 2, 16], "rotation": 180, "texture": "#0"},
				"down": {"uv": [1, 15, 2, 16], "texture": "#0"}
			}
		},
		{
			"from": [6.38376, 0.1, 5.59628],
			"to": [6.83376, 0.2, 6.04628],
			"rotation": {"angle": 45, "axis": "y", "origin": [6.43253, 1, 6.85949]},
			"faces": {
				"north": {"uv": [1, 15, 2, 16], "rotation": 180, "texture": "#0"},
				"east": {"uv": [1, 15, 2, 16], "rotation": 270, "texture": "#0"},
				"south": {"uv": [1, 15, 2, 16], "texture": "#0"},
				"west": {"uv": [1, 15, 2, 16], "rotation": 90, "texture": "#0"},
				"up": {"uv": [1, 15, 2, 16], "rotation": 180, "texture": "#0"},
				"down": {"uv": [1, 15, 2, 16], "texture": "#0"}
			}
		},
		{
			"from": [5.17856, 0.1, 6.66697],
			"to": [5.62856, 0.2, 7.11697],
			"rotation": {"angle": -22.5, "axis": "y", "origin": [6.43253, 1, 6.85949]},
			"faces": {
				"north": {"uv": [1, 15, 2, 16], "rotation": 270, "texture": "#0"},
				"east": {"uv": [1, 15, 2, 16], "texture": "#0"},
				"south": {"uv": [1, 15, 2, 16], "rotation": 90, "texture": "#0"},
				"west": {"uv": [1, 15, 2, 16], "rotation": 180, "texture": "#0"},
				"up": {"uv": [1, 15, 2, 16], "rotation": 90, "texture": "#0"},
				"down": {"uv": [1, 15, 2, 16], "rotation": 90, "texture": "#0"}
			}
		},
		{
			"from": [5.17856, 0.1, 7.21697],
			"to": [5.62856, 0.2, 7.66697],
			"rotation": {"angle": -22.5, "axis": "y", "origin": [6.43253, 1, 6.85949]},
			"faces": {
				"north": {"uv": [1, 15, 2, 16], "rotation": 270, "texture": "#0"},
				"east": {"uv": [1, 15, 2, 16], "texture": "#0"},
				"south": {"uv": [1, 15, 2, 16], "rotation": 90, "texture": "#0"},
				"west": {"uv": [1, 15, 2, 16], "rotation": 180, "texture": "#0"},
				"up": {"uv": [1, 15, 2, 16], "rotation": 90, "texture": "#0"},
				"down": {"uv": [1, 15, 2, 16], "rotation": 90, "texture": "#0"}
			}
		},
		{
			"from": [5.17856, 0.1, 7.76697],
			"to": [5.62856, 0.2, 8.21697],
			"rotation": {"angle": -22.5, "axis": "y", "origin": [6.43253, 1, 6.85949]},
			"faces": {
				"north": {"uv": [1, 15, 2, 16], "rotation": 270, "texture": "#0"},
				"east": {"uv": [1, 15, 2, 16], "texture": "#0"},
				"south": {"uv": [1, 15, 2, 16], "rotation": 90, "texture": "#0"},
				"west": {"uv": [1, 15, 2, 16], "rotation": 180, "texture": "#0"},
				"up": {"uv": [1, 15, 2, 16], "rotation": 90, "texture": "#0"},
				"down": {"uv": [1, 15, 2, 16], "rotation": 90, "texture": "#0"}
			}
		},
		{
			"from": [4.67856, 0, 7.84197],
			"to": [5.17856, 0.1, 8.34197],
			"rotation": {"angle": 0, "axis": "y", "origin": [6.43253, 1, 6.85949]},
			"faces": {
				"north": {"uv": [0, 15, 1, 16], "rotation": 270, "texture": "#0"},
				"east": {"uv": [0, 15, 1, 16], "texture": "#0"},
				"south": {"uv": [0, 15, 1, 16], "rotation": 90, "texture": "#0"},
				"west": {"uv": [0, 15, 1, 16], "rotation": 180, "texture": "#0"},
				"up": {"uv": [0, 15, 1, 16], "rotation": 90, "texture": "#0"},
				"down": {"uv": [0, 15, 1, 16], "rotation": 90, "texture": "#0"}
			}
		},
		{
			"from": [6.71452, 0, 5.10174],
			"to": [7.21452, 0.1, 5.60174],
			"rotation": {"angle": -22.5, "axis": "y", "origin": [6.43253, 1, 6.85949]},
			"faces": {
				"north": {"uv": [0, 15, 1, 16], "rotation": 180, "texture": "#0"},
				"east": {"uv": [0, 15, 1, 16], "rotation": 270, "texture": "#0"},
				"south": {"uv": [0, 15, 1, 16], "texture": "#0"},
				"west": {"uv": [0, 15, 1, 16], "rotation": 90, "texture": "#0"},
				"up": {"uv": [0, 15, 1, 16], "rotation": 180, "texture": "#0"},
				"down": {"uv": [0, 15, 1, 16], "texture": "#0"}
			}
		},
		{
			"from": [6.68907, 0, 5.32875],
			"to": [7.18907, 0.1, 5.82875],
			"rotation": {"angle": 0, "axis": "y", "origin": [6.43253, 1, 6.85949]},
			"faces": {
				"north": {"uv": [0, 15, 1, 16], "rotation": 180, "texture": "#0"},
				"east": {"uv": [0, 15, 1, 16], "rotation": 270, "texture": "#0"},
				"south": {"uv": [0, 15, 1, 16], "texture": "#0"},
				"west": {"uv": [0, 15, 1, 16], "rotation": 90, "texture": "#0"},
				"up": {"uv": [0, 15, 1, 16], "rotation": 180, "texture": "#0"},
				"down": {"uv": [0, 15, 1, 16], "texture": "#0"}
			}
		},
		{
			"from": [6.54803, 0, 5.48287],
			"to": [7.04803, 0.1, 5.98287],
			"rotation": {"angle": 22.5, "axis": "y", "origin": [6.43253, 1, 6.85949]},
			"faces": {
				"north": {"uv": [0, 15, 1, 16], "rotation": 180, "texture": "#0"},
				"east": {"uv": [0, 15, 1, 16], "rotation": 270, "texture": "#0"},
				"south": {"uv": [0, 15, 1, 16], "texture": "#0"},
				"west": {"uv": [0, 15, 1, 16], "rotation": 90, "texture": "#0"},
				"up": {"uv": [0, 15, 1, 16], "rotation": 180, "texture": "#0"},
				"down": {"uv": [0, 15, 1, 16], "texture": "#0"}
			}
		},
		{
			"from": [6.35876, 0, 5.57128],
			"to": [6.85876, 0.1, 6.07128],
			"rotation": {"angle": 45, "axis": "y", "origin": [6.43253, 1, 6.85949]},
			"faces": {
				"north": {"uv": [0, 15, 1, 16], "rotation": 180, "texture": "#0"},
				"east": {"uv": [0, 15, 1, 16], "rotation": 270, "texture": "#0"},
				"south": {"uv": [0, 15, 1, 16], "texture": "#0"},
				"west": {"uv": [0, 15, 1, 16], "rotation": 90, "texture": "#0"},
				"up": {"uv": [0, 15, 1, 16], "rotation": 180, "texture": "#0"},
				"down": {"uv": [0, 15, 1, 16], "texture": "#0"}
			}
		},
		{
			"from": [5.15356, 0, 6.64197],
			"to": [5.65356, 0.1, 7.14197],
			"rotation": {"angle": -22.5, "axis": "y", "origin": [6.43253, 1, 6.85949]},
			"faces": {
				"north": {"uv": [0, 15, 1, 16], "rotation": 270, "texture": "#0"},
				"east": {"uv": [0, 15, 1, 16], "texture": "#0"},
				"south": {"uv": [0, 15, 1, 16], "rotation": 90, "texture": "#0"},
				"west": {"uv": [0, 15, 1, 16], "rotation": 180, "texture": "#0"},
				"up": {"uv": [0, 15, 1, 16], "rotation": 90, "texture": "#0"},
				"down": {"uv": [0, 15, 1, 16], "rotation": 90, "texture": "#0"}
			}
		},
		{
			"from": [5.15356, 0, 7.19197],
			"to": [5.65356, 0.1, 7.69197],
			"rotation": {"angle": -22.5, "axis": "y", "origin": [6.43253, 1, 6.85949]},
			"faces": {
				"north": {"uv": [0, 15, 1, 16], "rotation": 270, "texture": "#0"},
				"east": {"uv": [0, 15, 1, 16], "texture": "#0"},
				"south": {"uv": [0, 15, 1, 16], "rotation": 90, "texture": "#0"},
				"west": {"uv": [0, 15, 1, 16], "rotation": 180, "texture": "#0"},
				"up": {"uv": [0, 15, 1, 16], "rotation": 90, "texture": "#0"},
				"down": {"uv": [0, 15, 1, 16], "rotation": 90, "texture": "#0"}
			}
		},
		{
			"from": [5.15356, 0, 7.74197],
			"to": [5.65356, 0.1, 8.24197],
			"rotation": {"angle": -22.5, "axis": "y", "origin": [6.43253, 1, 6.85949]},
			"faces": {
				"north": {"uv": [0, 15, 1, 16], "rotation": 270, "texture": "#0"},
				"east": {"uv": [0, 15, 1, 16], "texture": "#0"},
				"south": {"uv": [0, 15, 1, 16], "rotation": 90, "texture": "#0"},
				"west": {"uv": [0, 15, 1, 16], "rotation": 180, "texture": "#0"},
				"up": {"uv": [0, 15, 1, 16], "rotation": 90, "texture": "#0"},
				"down": {"uv": [0, 15, 1, 16], "rotation": 90, "texture": "#0"}
			}
		},
		{
			"from": [6.66452, 1, 5.05174],
			"to": [7.26452, 1.5, 5.65174],
			"rotation": {"angle": -22.5, "axis": "y", "origin": [6.43253, 1, 6.85949]},
			"faces": {
				"north": {"uv": [0, 4, 3, 7], "texture": "#0"},
				"east": {"uv": [0, 4, 3, 7], "texture": "#0"},
				"south": {"uv": [0, 4, 3, 7], "texture": "#0"},
				"west": {"uv": [0, 4, 3, 7], "texture": "#0"},
				"up": {"uv": [3, 4, 6, 7], "texture": "#0"},
				"down": {"uv": [3, 4, 6, 7], "texture": "#0"}
			}
		},
		{
			"from": [6.63907, 1, 5.27875],
			"to": [7.23907, 1.5, 5.87875],
			"rotation": {"angle": 0, "axis": "y", "origin": [6.43253, 1, 6.85949]},
			"faces": {
				"north": {"uv": [0, 4, 3, 7], "texture": "#0"},
				"east": {"uv": [0, 4, 3, 7], "texture": "#0"},
				"south": {"uv": [0, 4, 3, 7], "texture": "#0"},
				"west": {"uv": [0, 4, 3, 7], "texture": "#0"},
				"up": {"uv": [3, 4, 6, 7], "texture": "#0"},
				"down": {"uv": [3, 4, 6, 7], "texture": "#0"}
			}
		},
		{
			"from": [6.49803, 1, 5.43287],
			"to": [7.09803, 1.5, 6.03287],
			"rotation": {"angle": 22.5, "axis": "y", "origin": [6.43253, 1, 6.85949]},
			"faces": {
				"north": {"uv": [0, 4, 3, 7], "texture": "#0"},
				"east": {"uv": [0, 4, 3, 7], "texture": "#0"},
				"south": {"uv": [0, 4, 3, 7], "texture": "#0"},
				"west": {"uv": [0, 4, 3, 7], "texture": "#0"},
				"up": {"uv": [3, 4, 6, 7], "texture": "#0"},
				"down": {"uv": [3, 4, 6, 7], "texture": "#0"}
			}
		},
		{
			"from": [6.30876, 1, 5.52128],
			"to": [6.90876, 1.5, 6.12128],
			"rotation": {"angle": 45, "axis": "y", "origin": [6.43253, 1, 6.85949]},
			"faces": {
				"north": {"uv": [0, 4, 3, 7], "texture": "#0"},
				"east": {"uv": [0, 4, 3, 7], "texture": "#0"},
				"south": {"uv": [0, 4, 3, 7], "texture": "#0"},
				"west": {"uv": [0, 4, 3, 7], "texture": "#0"},
				"up": {"uv": [3, 4, 6, 7], "texture": "#0"},
				"down": {"uv": [3, 4, 6, 7], "texture": "#0"}
			}
		},
		{
			"from": [5.10356, 1, 6.59197],
			"to": [5.70356, 1.5, 7.19197],
			"rotation": {"angle": -22.5, "axis": "y", "origin": [6.43253, 1, 6.85949]},
			"faces": {
				"north": {"uv": [0, 4, 3, 7], "texture": "#0"},
				"east": {"uv": [0, 4, 3, 7], "texture": "#0"},
				"south": {"uv": [0, 4, 3, 7], "texture": "#0"},
				"west": {"uv": [0, 4, 3, 7], "rotation": 180, "texture": "#0"},
				"up": {"uv": [3, 4, 6, 7], "texture": "#0"},
				"down": {"uv": [3, 4, 6, 7], "rotation": 90, "texture": "#0"}
			}
		},
		{
			"from": [5.10356, 1, 7.14197],
			"to": [5.70356, 1.5, 7.74197],
			"rotation": {"angle": -22.5, "axis": "y", "origin": [6.43253, 1, 6.85949]},
			"faces": {
				"north": {"uv": [0, 4, 3, 7], "texture": "#0"},
				"east": {"uv": [0, 4, 3, 7], "texture": "#0"},
				"south": {"uv": [0, 4, 3, 7], "texture": "#0"},
				"west": {"uv": [0, 4, 3, 7], "rotation": 180, "texture": "#0"},
				"up": {"uv": [3, 4, 6, 7], "texture": "#0"},
				"down": {"uv": [3, 4, 6, 7], "rotation": 90, "texture": "#0"}
			}
		},
		{
			"from": [5.10356, 1, 7.69197],
			"to": [5.70356, 1.5, 8.29197],
			"rotation": {"angle": -22.5, "axis": "y", "origin": [6.43253, 1, 6.85949]},
			"faces": {
				"north": {"uv": [0, 4, 3, 7], "texture": "#0"},
				"east": {"uv": [0, 4, 3, 7], "texture": "#0"},
				"south": {"uv": [0, 4, 3, 7], "texture": "#0"},
				"west": {"uv": [0, 4, 3, 7], "rotation": 180, "texture": "#0"},
				"up": {"uv": [3, 4, 6, 7], "texture": "#0"},
				"down": {"uv": [3, 4, 6, 7], "rotation": 90, "texture": "#0"}
			}
		},
		{
			"from": [4.62856, 1, 7.79197],
			"to": [5.22856, 1.5, 8.39197],
			"rotation": {"angle": 0, "axis": "y", "origin": [6.43253, 1, 6.85949]},
			"faces": {
				"north": {"uv": [0, 4, 3, 7], "texture": "#0"},
				"east": {"uv": [0, 4, 3, 7], "texture": "#0"},
				"south": {"uv": [0, 4, 3, 7], "texture": "#0"},
				"west": {"uv": [0, 4, 3, 7], "rotation": 180, "texture": "#0"},
				"up": {"uv": [3, 4, 6, 7], "texture": "#0"},
				"down": {"uv": [3, 4, 6, 7], "rotation": 90, "texture": "#0"}
			}
		}
	],
	"display": {
		"thirdperson_righthand": {
			"translation": [0.5, 4.5, 0],
			"scale": [0.8, 0.8, 0.8]
		},
		"thirdperson_lefthand": {
			"translation": [-0.5, 4.5, 0],
			"scale": [0.8, 0.8, 0.8]
		},
		"firstperson_righthand": {
			"translation": [-2, 9.5, 2]
		},
		"firstperson_lefthand": {
			"translation": [-2, 9.5, 2]
		},
		"ground": {
			"translation": [0, 6, 0]
		},
		"gui": {
			"rotation": [90, 90, -90],
			"translation": [0, 13.5, 0],
			"scale": [2.5, 2.5, 2.5]
		},
		"fixed": {
			"rotation": [0, -90, 0],
			"translation": [0, 11, -1],
			"scale": [2, 2, 2]
		}
	},
	"groups": [
		{
			"name": "group",
			"origin": [0, 0, 0],
			"color": 0,
			"children": [0, 1, 2]
		},
		{
			"name": "group",
			"origin": [8, 8, 8],
			"color": 0,
			"children": [
				{
					"name": "group",
					"origin": [8, 8, 8],
					"color": 0,
					"children": [
						{
							"name": "group",
							"origin": [8, 3.75, 8],
							"color": 0,
							"children": [3, 4, 5, 6, 7, 8, 9, 10, 11, 12]
						},
						{
							"name": "group",
							"origin": [8, 8, 8],
							"color": 6,
							"children": [13, 14, 15, 16, 17, 18, 19, 20, 21, 22]
						},
						{
							"name": "group",
							"origin": [8, 8, 8],
							"color": 0,
							"children": [23, 24, 25, 26, 27, 28, 29, 30, 31, 32]
						}
					]
				},
				{
					"name": "group",
					"origin": [8, 8, 8],
					"color": 4,
					"children": [33, 34, 35, 36, 37, 38, 39, 40, 41, 42]
				}
			]
		},
		{
			"name": "group",
			"origin": [6.43253, 1, 6.85949],
			"color": 0,
			"children": [
				{
					"name": "group",
					"origin": [6.43253, 1, 6.85949],
					"color": 0,
					"children": [
						{
							"name": "group",
							"origin": [6.43253, 1, 6.85949],
							"color": 0,
							"children": [43, 44, 45, 46, 47, 48, 49, 50]
						},
						{
							"name": "group",
							"origin": [6.43253, 1, 6.85949],
							"color": 6,
							"children": [51, 52, 53, 54, 55, 56, 57, 58]
						},
						{
							"name": "group",
							"origin": [6.43253, 1, 6.85949],
							"color": 0,
							"children": [59, 60, 61, 62, 63, 64, 65, 66]
						}
					]
				},
				{
					"name": "group",
					"origin": [6.43253, 1, 6.85949],
					"color": 4,
					"children": [67, 68, 69, 70, 71, 72, 73, 74]
				}
			]
		}
	]
}