{
	"credit": "Made with Blockbench",
	"textures": {
		"0": "skguns:item/skgunsammo/pistolammo",
		"particle": "skguns:item/skgunsammo/pistolammo"
	},
	"elements": [
		{
			"from": [7.5, 0.5, 7],
			"to": [8.5, 4.5, 9],
			"faces": {
				"north": {"uv": [0, 0, 1, 4], "texture": "#0"},
				"east": {"uv": [0.5, 0, 2.5, 7], "texture": "#0"},
				"south": {"uv": [0, 0, 1, 4], "texture": "#0"},
				"west": {"uv": [0.5, 0, 2.5, 7], "texture": "#0"},
				"up": {"uv": [8, 0, 16, 16], "texture": "#0"},
				"down": {"uv": [6, 0, 7, 2], "texture": "#0"}
			}
		},
		{
			"from": [8.25, 0.5, 7.125],
			"to": [7.75, 4.5, 8.875],
			"faces": {
				"north": {"uv": [0, 0, 1, 4], "texture": "#0"},
				"east": {"uv": [0.5, 0, 2.5, 7], "texture": "#0"},
				"south": {"uv": [0, 0, 1, 4], "texture": "#0"},
				"west": {"uv": [0.5, 0, 2.5, 7], "texture": "#0"},
				"up": {"uv": [6, 0, 7, 2], "texture": "#0"},
				"down": {"uv": [6, 0, 7, 2], "texture": "#0"}
			}
		},
		{
			"from": [7.5, 0, 6.75],
			"to": [8.5, 0.5, 9],
			"faces": {
				"north": {"uv": [3, 0, 4, 0.5], "texture": "#0"},
				"east": {"uv": [3, 0, 5.25, 0.5], "texture": "#0"},
				"south": {"uv": [3, 0, 4, 0.5], "texture": "#0"},
				"west": {"uv": [3, 0, 5.25, 0.5], "texture": "#0"},
				"up": {"uv": [3, 0, 4, 2.25], "texture": "#0"},
				"down": {"uv": [3, 0, 4, 2.25], "texture": "#0"}
			}
		},
		{
			"from": [7.525, 4.5, 7.05],
			"to": [7.725, 4.85, 8.95],
			"faces": {
				"north": {"uv": [3, 0, 3.25, 0.6], "texture": "#0"},
				"east": {"uv": [3, 0, 5, 0.6], "texture": "#0"},
				"south": {"uv": [3, 0, 3.25, 0.6], "texture": "#0"},
				"west": {"uv": [3, 0, 5, 0.6], "texture": "#0"},
				"up": {"uv": [3, 0, 3.25, 2], "texture": "#0"},
				"down": {"uv": [3, 0, 3.25, 2], "texture": "#0"}
			}
		},
		{
			"from": [8.275, 4.5, 7.05],
			"to": [8.475, 4.85, 8.95],
			"faces": {
				"north": {"uv": [3, 0, 3.25, 0.6], "texture": "#0"},
				"east": {"uv": [3, 0, 5, 0.6], "texture": "#0"},
				"south": {"uv": [3, 0, 3.25, 0.6], "texture": "#0"},
				"west": {"uv": [3, 0, 5, 0.6], "texture": "#0"},
				"up": {"uv": [3, 0, 3.25, 2], "texture": "#0"},
				"down": {"uv": [3, 0, 3.25, 2], "texture": "#0"}
			}
		},
		{
			"from": [7.825, 0.5, 7.325],
			"to": [8.175, 0.75, 8.675],
			"faces": {
				"north": {"uv": [3, 3, 5.95, 6], "texture": "#0"},
				"east": {"uv": [3, 4, 6, 7], "texture": "#0"},
				"south": {"uv": [3, 3, 5.95, 6], "texture": "#0"},
				"west": {"uv": [3, 4, 6, 7], "texture": "#0"},
				"up": {"uv": [3, 3, 3.45, 4.5], "texture": "#0"},
				"down": {"uv": [3, 3, 3.45, 4.5], "texture": "#0"}
			}
		},
		{
			"from": [7.775, 0.75, 7.25],
			"to": [8.225, 1, 8.75],
			"faces": {
				"north": {"uv": [3, 0, 3.45, 0.25], "texture": "#0"},
				"east": {"uv": [3, 0, 4.5, 0.25], "texture": "#0"},
				"south": {"uv": [3, 0, 3.45, 0.25], "texture": "#0"},
				"west": {"uv": [3, 0, 4.5, 0.25], "texture": "#0"},
				"up": {"uv": [3, 0, 3.45, 1.5], "texture": "#0"},
				"down": {"uv": [3, 0, 3.45, 1.5], "texture": "#0"}
			}
		},
		{
			"from": [7.8, 4.525, 8.2],
			"to": [8.2, 4.925, 8.7],
			"faces": {
				"north": {"uv": [0, 10, 1, 11], "texture": "#0"},
				"east": {"uv": [0, 10, 1, 12], "rotation": 90, "texture": "#0"},
				"south": {"uv": [0, 11, 1, 12], "texture": "#0"},
				"west": {"uv": [0, 10, 1, 12], "rotation": 270, "texture": "#0"},
				"up": {"uv": [0, 10, 1, 12], "texture": "#0"},
				"down": {"uv": [0, 10, 1, 12], "texture": "#0"}
			}
		},
		{
			"from": [7.8, 4.525, 7.2],
			"to": [8.2, 4.925, 7.55],
			"faces": {
				"north": {"uv": [0, 8, 3, 9], "texture": "#0"},
				"east": {"uv": [0, 8, 3, 10], "rotation": 90, "texture": "#0"},
				"south": {"uv": [0, 9, 3, 10], "texture": "#0"},
				"west": {"uv": [0, 8, 3, 10], "rotation": 270, "texture": "#0"},
				"up": {"uv": [0, 8, 3, 10], "texture": "#0"},
				"down": {"uv": [0, 8, 3, 10], "texture": "#0"}
			}
		},
		{
			"from": [7.775, 4.5, 7.45],
			"to": [8.225, 4.95, 8.45],
			"faces": {
				"north": {"uv": [0, 15, 1, 16], "texture": "#0"},
				"east": {"uv": [1, 10, 2, 16], "rotation": 90, "texture": "#0"},
				"south": {"uv": [1, 10, 2, 11], "texture": "#0"},
				"west": {"uv": [1, 10, 2, 16], "rotation": 270, "texture": "#0"},
				"up": {"uv": [1, 10, 2, 16], "texture": "#0"},
				"down": {"uv": [1, 16, 2, 10], "texture": "#0"}
			}
		},
		{
			"from": [7.775, 4.5, 8.6],
			"to": [8.225, 4.95, 8.8],
			"faces": {
				"north": {"uv": [1, 15, 2, 16], "texture": "#0"},
				"east": {"uv": [1, 16, 2, 10], "rotation": 90, "texture": "#0"},
				"south": {"uv": [0, 10, 1, 11], "texture": "#0"},
				"west": {"uv": [1, 16, 2, 10], "rotation": 270, "texture": "#0"},
				"up": {"uv": [1, 16, 2, 10], "texture": "#0"},
				"down": {"uv": [1, 16, 2, 10], "texture": "#0"}
			}
		},
		{
			"from": [7.8, 4.025, 8.2],
			"to": [8.2, 4.425, 8.7],
			"faces": {
				"north": {"uv": [0, 10, 1, 11], "texture": "#0"},
				"east": {"uv": [0, 10, 1, 12], "rotation": 90, "texture": "#0"},
				"south": {"uv": [0, 11, 1, 12], "texture": "#0"},
				"west": {"uv": [0, 10, 1, 12], "rotation": 270, "texture": "#0"},
				"up": {"uv": [0, 10, 1, 12], "texture": "#0"},
				"down": {"uv": [0, 10, 1, 12], "texture": "#0"}
			}
		},
		{
			"from": [7.8, 4.025, 7.2],
			"to": [8.2, 4.425, 7.55],
			"faces": {
				"north": {"uv": [0, 8, 3, 9], "texture": "#0"},
				"east": {"uv": [0, 8, 3, 10], "rotation": 90, "texture": "#0"},
				"south": {"uv": [0, 9, 3, 10], "texture": "#0"},
				"west": {"uv": [0, 8, 3, 10], "rotation": 270, "texture": "#0"},
				"up": {"uv": [0, 8, 3, 10], "texture": "#0"},
				"down": {"uv": [0, 8, 3, 10], "texture": "#0"}
			}
		},
		{
			"from": [7.775, 4, 7.45],
			"to": [8.225, 4.45, 8.45],
			"faces": {
				"north": {"uv": [0, 15, 1, 16], "texture": "#0"},
				"east": {"uv": [1, 10, 2, 16], "rotation": 90, "texture": "#0"},
				"south": {"uv": [1, 10, 2, 11], "texture": "#0"},
				"west": {"uv": [1, 10, 2, 16], "rotation": 270, "texture": "#0"},
				"up": {"uv": [1, 10, 2, 16], "texture": "#0"},
				"down": {"uv": [1, 16, 2, 10], "texture": "#0"}
			}
		},
		{
			"from": [7.775, 4, 8.6],
			"to": [8.225, 4.45, 8.8],
			"faces": {
				"north": {"uv": [1, 15, 2, 16], "texture": "#0"},
				"east": {"uv": [1, 16, 2, 10], "rotation": 90, "texture": "#0"},
				"south": {"uv": [0, 10, 1, 11], "texture": "#0"},
				"west": {"uv": [1, 16, 2, 10], "rotation": 270, "texture": "#0"},
				"up": {"uv": [1, 16, 2, 10], "texture": "#0"},
				"down": {"uv": [1, 16, 2, 10], "texture": "#0"}
			}
		},
		{
			"from": [7.8, 3.525, 8.2],
			"to": [8.2, 3.925, 8.7],
			"faces": {
				"north": {"uv": [0, 10, 1, 11], "texture": "#0"},
				"east": {"uv": [0, 10, 1, 12], "rotation": 90, "texture": "#0"},
				"south": {"uv": [0, 11, 1, 12], "texture": "#0"},
				"west": {"uv": [0, 10, 1, 12], "rotation": 270, "texture": "#0"},
				"up": {"uv": [0, 10, 1, 12], "texture": "#0"},
				"down": {"uv": [0, 10, 1, 12], "texture": "#0"}
			}
		},
		{
			"from": [7.8, 3.525, 7.2],
			"to": [8.2, 3.925, 7.55],
			"faces": {
				"north": {"uv": [0, 8, 3, 9], "texture": "#0"},
				"east": {"uv": [0, 8, 3, 10], "rotation": 90, "texture": "#0"},
				"south": {"uv": [0, 9, 3, 10], "texture": "#0"},
				"west": {"uv": [0, 8, 3, 10], "rotation": 270, "texture": "#0"},
				"up": {"uv": [0, 8, 3, 10], "texture": "#0"},
				"down": {"uv": [0, 8, 3, 10], "texture": "#0"}
			}
		},
		{
			"from": [7.775, 3.5, 7.45],
			"to": [8.225, 3.95, 8.45],
			"faces": {
				"north": {"uv": [0, 15, 1, 16], "texture": "#0"},
				"east": {"uv": [1, 10, 2, 16], "rotation": 90, "texture": "#0"},
				"south": {"uv": [1, 10, 2, 11], "texture": "#0"},
				"west": {"uv": [1, 10, 2, 16], "rotation": 270, "texture": "#0"},
				"up": {"uv": [1, 10, 2, 16], "texture": "#0"},
				"down": {"uv": [1, 16, 2, 10], "texture": "#0"}
			}
		},
		{
			"from": [7.775, 3.5, 8.6],
			"to": [8.225, 3.95, 8.8],
			"faces": {
				"north": {"uv": [1, 15, 2, 16], "texture": "#0"},
				"east": {"uv": [1, 16, 2, 10], "rotation": 90, "texture": "#0"},
				"south": {"uv": [0, 10, 1, 11], "texture": "#0"},
				"west": {"uv": [1, 16, 2, 10], "rotation": 270, "texture": "#0"},
				"up": {"uv": [1, 16, 2, 10], "texture": "#0"},
				"down": {"uv": [1, 16, 2, 10], "texture": "#0"}
			}
		},
		{
			"from": [7.8, 3.025, 8.2],
			"to": [8.2, 3.425, 8.7],
			"faces": {
				"north": {"uv": [0, 10, 1, 11], "texture": "#0"},
				"east": {"uv": [0, 10, 1, 12], "rotation": 90, "texture": "#0"},
				"south": {"uv": [0, 11, 1, 12], "texture": "#0"},
				"west": {"uv": [0, 10, 1, 12], "rotation": 270, "texture": "#0"},
				"up": {"uv": [0, 10, 1, 12], "texture": "#0"},
				"down": {"uv": [0, 10, 1, 12], "texture": "#0"}
			}
		},
		{
			"from": [7.8, 3.025, 7.2],
			"to": [8.2, 3.425, 7.55],
			"faces": {
				"north": {"uv": [0, 8, 3, 9], "texture": "#0"},
				"east": {"uv": [0, 8, 3, 10], "rotation": 90, "texture": "#0"},
				"south": {"uv": [0, 9, 3, 10], "texture": "#0"},
				"west": {"uv": [0, 8, 3, 10], "rotation": 270, "texture": "#0"},
				"up": {"uv": [0, 8, 3, 10], "texture": "#0"},
				"down": {"uv": [0, 8, 3, 10], "texture": "#0"}
			}
		},
		{
			"from": [7.775, 3, 7.45],
			"to": [8.225, 3.45, 8.45],
			"faces": {
				"north": {"uv": [0, 15, 1, 16], "texture": "#0"},
				"east": {"uv": [1, 10, 2, 16], "rotation": 90, "texture": "#0"},
				"south": {"uv": [1, 10, 2, 11], "texture": "#0"},
				"west": {"uv": [1, 10, 2, 16], "rotation": 270, "texture": "#0"},
				"up": {"uv": [1, 10, 2, 16], "texture": "#0"},
				"down": {"uv": [1, 16, 2, 10], "texture": "#0"}
			}
		},
		{
			"from": [7.775, 3, 8.6],
			"to": [8.225, 3.45, 8.8],
			"faces": {
				"north": {"uv": [1, 15, 2, 16], "texture": "#0"},
				"east": {"uv": [1, 16, 2, 10], "rotation": 90, "texture": "#0"},
				"south": {"uv": [0, 10, 1, 11], "texture": "#0"},
				"west": {"uv": [1, 16, 2, 10], "rotation": 270, "texture": "#0"},
				"up": {"uv": [1, 16, 2, 10], "texture": "#0"},
				"down": {"uv": [1, 16, 2, 10], "texture": "#0"}
			}
		},
		{
			"from": [7.8, 2.525, 8.2],
			"to": [8.2, 2.925, 8.7],
			"faces": {
				"north": {"uv": [0, 10, 1, 11], "texture": "#0"},
				"east": {"uv": [0, 10, 1, 12], "rotation": 90, "texture": "#0"},
				"south": {"uv": [0, 11, 1, 12], "texture": "#0"},
				"west": {"uv": [0, 10, 1, 12], "rotation": 270, "texture": "#0"},
				"up": {"uv": [0, 10, 1, 12], "texture": "#0"},
				"down": {"uv": [0, 10, 1, 12], "texture": "#0"}
			}
		},
		{
			"from": [7.8, 2.525, 7.2],
			"to": [8.2, 2.925, 7.55],
			"faces": {
				"north": {"uv": [0, 8, 3, 9], "texture": "#0"},
				"east": {"uv": [0, 8, 3, 10], "rotation": 90, "texture": "#0"},
				"south": {"uv": [0, 9, 3, 10], "texture": "#0"},
				"west": {"uv": [0, 8, 3, 10], "rotation": 270, "texture": "#0"},
				"up": {"uv": [0, 8, 3, 10], "texture": "#0"},
				"down": {"uv": [0, 8, 3, 10], "texture": "#0"}
			}
		},
		{
			"from": [7.775, 2.5, 7.45],
			"to": [8.225, 2.95, 8.45],
			"faces": {
				"north": {"uv": [0, 15, 1, 16], "texture": "#0"},
				"east": {"uv": [1, 10, 2, 16], "rotation": 90, "texture": "#0"},
				"south": {"uv": [1, 10, 2, 11], "texture": "#0"},
				"west": {"uv": [1, 10, 2, 16], "rotation": 270, "texture": "#0"},
				"up": {"uv": [1, 10, 2, 16], "texture": "#0"},
				"down": {"uv": [1, 16, 2, 10], "texture": "#0"}
			}
		},
		{
			"from": [7.775, 2.5, 8.6],
			"to": [8.225, 2.95, 8.8],
			"faces": {
				"north": {"uv": [1, 15, 2, 16], "texture": "#0"},
				"east": {"uv": [1, 16, 2, 10], "rotation": 90, "texture": "#0"},
				"south": {"uv": [0, 10, 1, 11], "texture": "#0"},
				"west": {"uv": [1, 16, 2, 10], "rotation": 270, "texture": "#0"},
				"up": {"uv": [1, 16, 2, 10], "texture": "#0"},
				"down": {"uv": [1, 16, 2, 10], "texture": "#0"}
			}
		},
		{
			"from": [7.8, 2.025, 8.2],
			"to": [8.2, 2.425, 8.7],
			"faces": {
				"north": {"uv": [0, 10, 1, 11], "texture": "#0"},
				"east": {"uv": [0, 10, 1, 12], "rotation": 90, "texture": "#0"},
				"south": {"uv": [0, 11, 1, 12], "texture": "#0"},
				"west": {"uv": [0, 10, 1, 12], "rotation": 270, "texture": "#0"},
				"up": {"uv": [0, 10, 1, 12], "texture": "#0"},
				"down": {"uv": [0, 10, 1, 12], "texture": "#0"}
			}
		},
		{
			"from": [7.8, 2.025, 7.2],
			"to": [8.2, 2.425, 7.55],
			"faces": {
				"north": {"uv": [0, 8, 3, 9], "texture": "#0"},
				"east": {"uv": [0, 8, 3, 10], "rotation": 90, "texture": "#0"},
				"south": {"uv": [0, 9, 3, 10], "texture": "#0"},
				"west": {"uv": [0, 8, 3, 10], "rotation": 270, "texture": "#0"},
				"up": {"uv": [0, 8, 3, 10], "texture": "#0"},
				"down": {"uv": [0, 8, 3, 10], "texture": "#0"}
			}
		},
		{
			"from": [7.775, 2, 7.45],
			"to": [8.225, 2.45, 8.45],
			"faces": {
				"north": {"uv": [0, 15, 1, 16], "texture": "#0"},
				"east": {"uv": [1, 10, 2, 16], "rotation": 90, "texture": "#0"},
				"south": {"uv": [1, 10, 2, 11], "texture": "#0"},
				"west": {"uv": [1, 10, 2, 16], "rotation": 270, "texture": "#0"},
				"up": {"uv": [1, 10, 2, 16], "texture": "#0"},
				"down": {"uv": [1, 16, 2, 10], "texture": "#0"}
			}
		},
		{
			"from": [7.775, 2, 8.6],
			"to": [8.225, 2.45, 8.8],
			"faces": {
				"north": {"uv": [1, 15, 2, 16], "texture": "#0"},
				"east": {"uv": [1, 16, 2, 10], "rotation": 90, "texture": "#0"},
				"south": {"uv": [0, 10, 1, 11], "texture": "#0"},
				"west": {"uv": [1, 16, 2, 10], "rotation": 270, "texture": "#0"},
				"up": {"uv": [1, 16, 2, 10], "texture": "#0"},
				"down": {"uv": [1, 16, 2, 10], "texture": "#0"}
			}
		},
		{
			"from": [7.8, 1.525, 8.2],
			"to": [8.2, 1.925, 8.7],
			"faces": {
				"north": {"uv": [0, 10, 1, 11], "texture": "#0"},
				"east": {"uv": [0, 10, 1, 12], "rotation": 90, "texture": "#0"},
				"south": {"uv": [0, 11, 1, 12], "texture": "#0"},
				"west": {"uv": [0, 10, 1, 12], "rotation": 270, "texture": "#0"},
				"up": {"uv": [0, 10, 1, 12], "texture": "#0"},
				"down": {"uv": [0, 10, 1, 12], "texture": "#0"}
			}
		},
		{
			"from": [7.8, 1.525, 7.2],
			"to": [8.2, 1.925, 7.55],
			"faces": {
				"north": {"uv": [0, 8, 3, 9], "texture": "#0"},
				"east": {"uv": [0, 8, 3, 10], "rotation": 90, "texture": "#0"},
				"south": {"uv": [0, 9, 3, 10], "texture": "#0"},
				"west": {"uv": [0, 8, 3, 10], "rotation": 270, "texture": "#0"},
				"up": {"uv": [0, 8, 3, 10], "texture": "#0"},
				"down": {"uv": [0, 8, 3, 10], "texture": "#0"}
			}
		},
		{
			"from": [7.775, 1.5, 7.45],
			"to": [8.225, 1.95, 8.45],
			"faces": {
				"north": {"uv": [0, 15, 1, 16], "texture": "#0"},
				"east": {"uv": [1, 10, 2, 16], "rotation": 90, "texture": "#0"},
				"south": {"uv": [1, 10, 2, 11], "texture": "#0"},
				"west": {"uv": [1, 10, 2, 16], "rotation": 270, "texture": "#0"},
				"up": {"uv": [1, 10, 2, 16], "texture": "#0"},
				"down": {"uv": [1, 16, 2, 10], "texture": "#0"}
			}
		},
		{
			"from": [7.775, 1.5, 8.6],
			"to": [8.225, 1.95, 8.8],
			"faces": {
				"north": {"uv": [1, 15, 2, 16], "texture": "#0"},
				"east": {"uv": [1, 16, 2, 10], "rotation": 90, "texture": "#0"},
				"south": {"uv": [0, 10, 1, 11], "texture": "#0"},
				"west": {"uv": [1, 16, 2, 10], "rotation": 270, "texture": "#0"},
				"up": {"uv": [1, 16, 2, 10], "texture": "#0"},
				"down": {"uv": [1, 16, 2, 10], "texture": "#0"}
			}
		},
		{
			"from": [7.8, 1.025, 8.2],
			"to": [8.2, 1.425, 8.7],
			"faces": {
				"north": {"uv": [0, 10, 1, 11], "texture": "#0"},
				"east": {"uv": [0, 10, 1, 12], "rotation": 90, "texture": "#0"},
				"south": {"uv": [0, 11, 1, 12], "texture": "#0"},
				"west": {"uv": [0, 10, 1, 12], "rotation": 270, "texture": "#0"},
				"up": {"uv": [0, 10, 1, 12], "texture": "#0"},
				"down": {"uv": [0, 10, 1, 12], "texture": "#0"}
			}
		},
		{
			"from": [7.8, 1.025, 7.2],
			"to": [8.2, 1.425, 7.55],
			"faces": {
				"north": {"uv": [0, 8, 3, 9], "texture": "#0"},
				"east": {"uv": [0, 8, 3, 10], "rotation": 90, "texture": "#0"},
				"south": {"uv": [0, 9, 3, 10], "texture": "#0"},
				"west": {"uv": [0, 8, 3, 10], "rotation": 270, "texture": "#0"},
				"up": {"uv": [0, 8, 3, 10], "texture": "#0"},
				"down": {"uv": [0, 8, 3, 10], "texture": "#0"}
			}
		},
		{
			"from": [7.775, 1, 7.45],
			"to": [8.225, 1.45, 8.45],
			"faces": {
				"north": {"uv": [0, 15, 1, 16], "texture": "#0"},
				"east": {"uv": [1, 10, 2, 16], "rotation": 90, "texture": "#0"},
				"south": {"uv": [1, 10, 2, 11], "texture": "#0"},
				"west": {"uv": [1, 10, 2, 16], "rotation": 270, "texture": "#0"},
				"up": {"uv": [1, 10, 2, 16], "texture": "#0"},
				"down": {"uv": [1, 16, 2, 10], "texture": "#0"}
			}
		},
		{
			"from": [7.775, 1, 8.6],
			"to": [8.225, 1.45, 8.8],
			"faces": {
				"north": {"uv": [1, 15, 2, 16], "texture": "#0"},
				"east": {"uv": [1, 16, 2, 10], "rotation": 90, "texture": "#0"},
				"south": {"uv": [0, 10, 1, 11], "texture": "#0"},
				"west": {"uv": [1, 16, 2, 10], "rotation": 270, "texture": "#0"},
				"up": {"uv": [1, 16, 2, 10], "texture": "#0"},
				"down": {"uv": [1, 16, 2, 10], "texture": "#0"}
			}
		},
		{
			"from": [7.05, 0.0625, 6.5875],
			"to": [7.45, 0.5625, 6.9875],
			"rotation": {"angle": 0, "axis": "x", "origin": [7, 0.725, 6.7875]},
			"faces": {
				"north": {"uv": [0, 10, 1, 12], "rotation": 180, "texture": "#0"},
				"east": {"uv": [0, 10, 1, 12], "texture": "#0"},
				"south": {"uv": [0, 10, 1, 12], "texture": "#0"},
				"west": {"uv": [0, 10, 1, 12], "texture": "#0"},
				"up": {"uv": [0, 10, 1, 11], "rotation": 180, "texture": "#0"},
				"down": {"uv": [0, 11, 1, 12], "texture": "#0"}
			}
		},
		{
			"from": [7.05, 1.2125, 6.5875],
			"to": [7.45, 1.5625, 6.9875],
			"rotation": {"angle": 0, "axis": "x", "origin": [7, 0.725, 6.7875]},
			"faces": {
				"north": {"uv": [0, 8, 3, 10], "rotation": 180, "texture": "#0"},
				"east": {"uv": [0, 8, 3, 10], "texture": "#0"},
				"south": {"uv": [0, 8, 3, 10], "texture": "#0"},
				"west": {"uv": [0, 8, 3, 10], "texture": "#0"},
				"up": {"uv": [0, 8, 3, 9], "rotation": 180, "texture": "#0"},
				"down": {"uv": [0, 9, 3, 10], "texture": "#0"}
			}
		},
		{
			"from": [7.025, 0.3125, 6.5625],
			"to": [7.475, 1.3125, 7.0125],
			"rotation": {"angle": 0, "axis": "x", "origin": [7, 0.725, 6.7875]},
			"faces": {
				"north": {"uv": [1, 16, 2, 10], "rotation": 180, "texture": "#0"},
				"east": {"uv": [1, 10, 2, 16], "texture": "#0"},
				"south": {"uv": [1, 10, 2, 16], "texture": "#0"},
				"west": {"uv": [1, 10, 2, 16], "texture": "#0"},
				"up": {"uv": [0, 15, 1, 16], "rotation": 180, "texture": "#0"},
				"down": {"uv": [1, 10, 2, 11], "texture": "#0"}
			}
		},
		{
			"from": [7.025, -0.0375, 6.5625],
			"to": [7.475, 0.1625, 7.0125],
			"rotation": {"angle": 0, "axis": "x", "origin": [7, 0.725, 6.7875]},
			"faces": {
				"north": {"uv": [1, 16, 2, 10], "rotation": 180, "texture": "#0"},
				"east": {"uv": [1, 16, 2, 10], "texture": "#0"},
				"south": {"uv": [1, 16, 2, 10], "texture": "#0"},
				"west": {"uv": [1, 16, 2, 10], "texture": "#0"},
				"up": {"uv": [1, 15, 2, 16], "rotation": 180, "texture": "#0"},
				"down": {"uv": [0, 10, 1, 11], "texture": "#0"}
			}
		},
		{
			"from": [6.8, 0.0625, 7.5875],
			"to": [7.2, 0.5625, 7.9875],
			"rotation": {"angle": -22.5, "axis": "z", "origin": [7, 0.725, 7.7875]},
			"faces": {
				"north": {"uv": [0, 10, 1, 12], "rotation": 180, "texture": "#0"},
				"east": {"uv": [0, 10, 1, 12], "texture": "#0"},
				"south": {"uv": [0, 10, 1, 12], "texture": "#0"},
				"west": {"uv": [0, 10, 1, 12], "texture": "#0"},
				"up": {"uv": [0, 10, 1, 11], "rotation": 180, "texture": "#0"},
				"down": {"uv": [0, 11, 1, 12], "texture": "#0"}
			}
		},
		{
			"from": [6.8, 1.2125, 7.5875],
			"to": [7.2, 1.5625, 7.9875],
			"rotation": {"angle": -22.5, "axis": "z", "origin": [7, 0.725, 7.7875]},
			"faces": {
				"north": {"uv": [0, 8, 3, 10], "rotation": 180, "texture": "#0"},
				"east": {"uv": [0, 8, 3, 10], "texture": "#0"},
				"south": {"uv": [0, 8, 3, 10], "texture": "#0"},
				"west": {"uv": [0, 8, 3, 10], "texture": "#0"},
				"up": {"uv": [0, 8, 3, 9], "rotation": 180, "texture": "#0"},
				"down": {"uv": [0, 9, 3, 10], "texture": "#0"}
			}
		},
		{
			"from": [6.775, 0.3125, 7.5625],
			"to": [7.225, 1.3125, 8.0125],
			"rotation": {"angle": -22.5, "axis": "z", "origin": [7, 0.725, 7.7875]},
			"faces": {
				"north": {"uv": [1, 16, 2, 10], "rotation": 180, "texture": "#0"},
				"east": {"uv": [1, 10, 2, 16], "texture": "#0"},
				"south": {"uv": [1, 10, 2, 16], "texture": "#0"},
				"west": {"uv": [1, 10, 2, 16], "texture": "#0"},
				"up": {"uv": [0, 15, 1, 16], "rotation": 180, "texture": "#0"},
				"down": {"uv": [1, 10, 2, 11], "texture": "#0"}
			}
		},
		{
			"from": [6.775, -0.0375, 7.5625],
			"to": [7.225, 0.1625, 8.0125],
			"rotation": {"angle": -22.5, "axis": "z", "origin": [7, 0.725, 7.7875]},
			"faces": {
				"north": {"uv": [1, 16, 2, 10], "rotation": 180, "texture": "#0"},
				"east": {"uv": [1, 16, 2, 10], "texture": "#0"},
				"south": {"uv": [1, 16, 2, 10], "texture": "#0"},
				"west": {"uv": [1, 16, 2, 10], "texture": "#0"},
				"up": {"uv": [1, 15, 2, 16], "rotation": 180, "texture": "#0"},
				"down": {"uv": [0, 10, 1, 11], "texture": "#0"}
			}
		},
		{
			"from": [6.3, 0.025, 7.2],
			"to": [6.7, 0.425, 7.7],
			"rotation": {"angle": -22.5, "axis": "y", "origin": [6.5, 0.225, 7.0375]},
			"faces": {
				"north": {"uv": [0, 10, 1, 11], "texture": "#0"},
				"east": {"uv": [0, 10, 1, 12], "rotation": 90, "texture": "#0"},
				"south": {"uv": [0, 11, 1, 12], "texture": "#0"},
				"west": {"uv": [0, 10, 1, 12], "rotation": 270, "texture": "#0"},
				"up": {"uv": [0, 10, 1, 12], "texture": "#0"},
				"down": {"uv": [0, 10, 1, 12], "texture": "#0"}
			}
		},
		{
			"from": [6.3, 0.025, 6.2],
			"to": [6.7, 0.425, 6.55],
			"rotation": {"angle": -22.5, "axis": "y", "origin": [6.5, 0.225, 7.0375]},
			"faces": {
				"north": {"uv": [0, 8, 3, 9], "texture": "#0"},
				"east": {"uv": [0, 8, 3, 10], "rotation": 90, "texture": "#0"},
				"south": {"uv": [0, 9, 3, 10], "texture": "#0"},
				"west": {"uv": [0, 8, 3, 10], "rotation": 270, "texture": "#0"},
				"up": {"uv": [0, 8, 3, 10], "texture": "#0"},
				"down": {"uv": [0, 8, 3, 10], "texture": "#0"}
			}
		},
		{
			"from": [6.275, 0, 6.45],
			"to": [6.725, 0.45, 7.45],
			"rotation": {"angle": -22.5, "axis": "y", "origin": [6.5, 0.225, 7.0375]},
			"faces": {
				"north": {"uv": [0, 15, 1, 16], "texture": "#0"},
				"east": {"uv": [1, 10, 2, 16], "rotation": 90, "texture": "#0"},
				"south": {"uv": [1, 10, 2, 11], "texture": "#0"},
				"west": {"uv": [1, 10, 2, 16], "rotation": 270, "texture": "#0"},
				"up": {"uv": [1, 10, 2, 16], "texture": "#0"},
				"down": {"uv": [1, 16, 2, 10], "texture": "#0"}
			}
		},
		{
			"from": [6.275, 0, 7.6],
			"to": [6.725, 0.45, 7.8],
			"rotation": {"angle": -22.5, "axis": "y", "origin": [6.5, 0.225, 7.0375]},
			"faces": {
				"north": {"uv": [1, 15, 2, 16], "texture": "#0"},
				"east": {"uv": [1, 16, 2, 10], "rotation": 90, "texture": "#0"},
				"south": {"uv": [0, 10, 1, 11], "texture": "#0"},
				"west": {"uv": [1, 16, 2, 10], "rotation": 270, "texture": "#0"},
				"up": {"uv": [1, 16, 2, 10], "texture": "#0"},
				"down": {"uv": [1, 16, 2, 10], "texture": "#0"}
			}
		}
	],
	"gui_light": "front",
	"display": {
		"thirdperson_righthand": {
			"translation": [0, 3.5, 0],
			"scale": [0.8, 0.8, 0.8]
		},
		"thirdperson_lefthand": {
			"translation": [0, 3.5, 0],
			"scale": [0.8, 0.8, 0.8]
		},
		"firstperson_righthand": {
			"translation": [-2, 9.5, 2]
		},
		"firstperson_lefthand": {
			"translation": [-2, 9.5, 2]
		},
		"ground": {
			"translation": [0, 6, 0]
		},
		"gui": {
			"rotation": [90, 90, -90],
			"translation": [0, 13.5, 0],
			"scale": [2.5, 2.5, 2.5]
		},
		"fixed": {
			"rotation": [0, -90, 0],
			"translation": [0, 11, -1],
			"scale": [2, 2, 2]
		}
	},
	"groups": [
		0,
		1,
		2,
		3,
		4,
		5,
		6,
		{
			"name": "group",
			"origin": [0, 0, 0],
			"color": 0,
			"children": [7, 8, 9, 10]
		},
		{
			"name": "group",
			"origin": [0, 0, 0],
			"color": 0,
			"children": [11, 12, 13, 14]
		},
		{
			"name": "group",
			"origin": [0, 0, 0],
			"color": 0,
			"children": [15, 16, 17, 18]
		},
		{
			"name": "group",
			"origin": [0, 0, 0],
			"color": 0,
			"children": [19, 20, 21, 22]
		},
		{
			"name": "group",
			"origin": [0, 0, 0],
			"color": 0,
			"children": [23, 24, 25, 26]
		},
		{
			"name": "group",
			"origin": [0, 0, 0],
			"color": 0,
			"children": [27, 28, 29, 30]
		},
		{
			"name": "group",
			"origin": [0, 0, 0],
			"color": 0,
			"children": [31, 32, 33, 34]
		},
		{
			"name": "group",
			"origin": [0, 0, 0],
			"color": 0,
			"children": [35, 36, 37, 38]
		},
		{
			"name": "group",
			"origin": [0, 0, 0],
			"color": 0,
			"children": [39, 40, 41, 42]
		},
		{
			"name": "group",
			"origin": [0, 0, 0],
			"color": 0,
			"children": [43, 44, 45, 46]
		},
		{
			"name": "group",
			"origin": [0, 0, 0],
			"color": 0,
			"children": [47, 48, 49, 50]
		}
	]
}