{
	"credit": "Made with Blockbench",
	"textures": {
		"0": "skguns:item/skgunsammo/sniperammo",
		"particle": "skguns:item/skgunsammo/sniperammo"
	},
	"elements": [
		{
			"from": [7.5, 0.5, 6.25],
			"to": [8.5, 3.5, 9.75],
			"faces": {
				"north": {"uv": [0, 0, 1, 4], "texture": "#0"},
				"east": {"uv": [0.75, 0, 2.25, 7], "texture": "#0"},
				"south": {"uv": [0, 0, 1, 4], "texture": "#0"},
				"west": {"uv": [0.75, 0, 2.25, 7], "texture": "#0"},
				"up": {"uv": [8, 0, 16, 16], "texture": "#0"},
				"down": {"uv": [6, 0, 7, 2], "texture": "#0"}
			}
		},
		{
			"from": [8.25, 0.5, 6.45],
			"to": [7.75, 3.5, 9.55],
			"faces": {
				"north": {"uv": [0, 0, 1, 4], "texture": "#0"},
				"east": {"uv": [0.75, 0, 2.25, 7], "texture": "#0"},
				"south": {"uv": [0, 0, 1, 4], "texture": "#0"},
				"west": {"uv": [0.75, 0, 2.25, 7], "texture": "#0"},
				"up": {"uv": [6, 0, 7, 2], "texture": "#0"},
				"down": {"uv": [6, 0, 7, 2], "texture": "#0"}
			}
		},
		{
			"from": [7.5, 0, 6.15],
			"to": [8.5, 0.5, 9.85],
			"faces": {
				"north": {"uv": [3, 0, 4, 0.5], "texture": "#0"},
				"east": {"uv": [3, 0, 5.25, 0.5], "texture": "#0"},
				"south": {"uv": [3, 0, 4, 0.5], "texture": "#0"},
				"west": {"uv": [3, 0, 5.25, 0.5], "texture": "#0"},
				"up": {"uv": [3, 0, 4, 2.25], "texture": "#0"},
				"down": {"uv": [3, 0, 4, 2.25], "texture": "#0"}
			}
		},
		{
			"from": [7.525, 3.5, 6.55],
			"to": [7.725, 3.85, 9.45],
			"faces": {
				"north": {"uv": [3, 0, 3.25, 0.6], "texture": "#0"},
				"east": {"uv": [3, 0, 5, 0.6], "texture": "#0"},
				"south": {"uv": [3, 0, 3.25, 0.6], "texture": "#0"},
				"west": {"uv": [3, 0, 5, 0.6], "texture": "#0"},
				"up": {"uv": [3, 0, 3.25, 2], "texture": "#0"},
				"down": {"uv": [3, 0, 3.25, 2], "texture": "#0"}
			}
		},
		{
			"from": [8.275, 3.5, 6.55],
			"to": [8.475, 3.85, 9.45],
			"faces": {
				"north": {"uv": [3, 0, 3.25, 0.6], "texture": "#0"},
				"east": {"uv": [3, 0, 5, 0.6], "texture": "#0"},
				"south": {"uv": [3, 0, 3.25, 0.6], "texture": "#0"},
				"west": {"uv": [3, 0, 5, 0.6], "texture": "#0"},
				"up": {"uv": [3, 0, 3.25, 2], "texture": "#0"},
				"down": {"uv": [3, 0, 3.25, 2], "texture": "#0"}
			}
		},
		{
			"from": [7.775, 0.75, 7],
			"to": [8.225, 1, 9],
			"faces": {
				"north": {"uv": [3, 0, 3.45, 0.25], "texture": "#0"},
				"east": {"uv": [3, 0, 4.5, 0.25], "texture": "#0"},
				"south": {"uv": [3, 0, 3.45, 0.25], "texture": "#0"},
				"west": {"uv": [3, 0, 4.5, 0.25], "texture": "#0"},
				"up": {"uv": [3, 0, 3.45, 1.5], "texture": "#0"},
				"down": {"uv": [3, 0, 3.45, 1.5], "texture": "#0"}
			}
		},
		{
			"from": [7.825, 0.5, 7.075],
			"to": [8.175, 0.75, 8.925],
			"faces": {
				"north": {"uv": [3, 3, 5.95, 6], "texture": "#0"},
				"east": {"uv": [3, 4, 6, 7], "texture": "#0"},
				"south": {"uv": [3, 3, 5.95, 6], "texture": "#0"},
				"west": {"uv": [3, 4, 6, 7], "texture": "#0"},
				"up": {"uv": [3, 3, 3.45, 4.5], "texture": "#0"},
				"down": {"uv": [3, 3, 3.45, 4.5], "texture": "#0"}
			}
		},
		{
			"from": [7.775, 1, 9.15],
			"to": [8.225, 1.45, 9.35],
			"faces": {
				"north": {"uv": [1, 15, 2, 16], "texture": "#0"},
				"east": {"uv": [1, 16, 2, 10], "rotation": 90, "texture": "#0"},
				"south": {"uv": [0, 10, 1, 11], "texture": "#0"},
				"west": {"uv": [1, 16, 2, 10], "rotation": 270, "texture": "#0"},
				"up": {"uv": [1, 16, 2, 10], "texture": "#0"},
				"down": {"uv": [1, 16, 2, 10], "texture": "#0"}
			}
		},
		{
			"from": [7.8, 1.025, 9],
			"to": [8.2, 1.425, 9.15],
			"faces": {
				"north": {"uv": [0, 10, 1, 11], "texture": "#0"},
				"east": {"uv": [0, 10, 1, 12], "rotation": 90, "texture": "#0"},
				"south": {"uv": [0, 11, 1, 12], "texture": "#0"},
				"west": {"uv": [0, 10, 1, 12], "rotation": 270, "texture": "#0"},
				"up": {"uv": [0, 10, 1, 12], "texture": "#0"},
				"down": {"uv": [0, 10, 1, 12], "texture": "#0"}
			}
		},
		{
			"from": [7.825, 1.05, 6.75],
			"to": [8.175, 1.4, 8.25],
			"faces": {
				"north": {"uv": [0, 8, 3, 9], "texture": "#0"},
				"east": {"uv": [0, 8, 3, 10], "rotation": 90, "texture": "#0"},
				"south": {"uv": [0, 9, 3, 10], "texture": "#0"},
				"west": {"uv": [0, 8, 3, 10], "rotation": 270, "texture": "#0"},
				"up": {"uv": [0, 8, 3, 10], "texture": "#0"},
				"down": {"uv": [0, 8, 3, 10], "texture": "#0"}
			}
		},
		{
			"from": [7.775, 1, 7.95],
			"to": [8.225, 1.45, 9],
			"faces": {
				"north": {"uv": [0, 15, 1, 16], "texture": "#0"},
				"east": {"uv": [1, 10, 2, 16], "rotation": 90, "texture": "#0"},
				"south": {"uv": [1, 10, 2, 11], "texture": "#0"},
				"west": {"uv": [1, 10, 2, 16], "rotation": 270, "texture": "#0"},
				"up": {"uv": [1, 10, 2, 16], "texture": "#0"},
				"down": {"uv": [1, 16, 2, 10], "texture": "#0"}
			}
		},
		{
			"from": [7.775, 1.5, 9.15],
			"to": [8.225, 1.95, 9.35],
			"faces": {
				"north": {"uv": [1, 15, 2, 16], "texture": "#0"},
				"east": {"uv": [1, 16, 2, 10], "rotation": 90, "texture": "#0"},
				"south": {"uv": [0, 10, 1, 11], "texture": "#0"},
				"west": {"uv": [1, 16, 2, 10], "rotation": 270, "texture": "#0"},
				"up": {"uv": [1, 16, 2, 10], "texture": "#0"},
				"down": {"uv": [1, 16, 2, 10], "texture": "#0"}
			}
		},
		{
			"from": [7.8, 1.525, 9],
			"to": [8.2, 1.925, 9.15],
			"faces": {
				"north": {"uv": [0, 10, 1, 11], "texture": "#0"},
				"east": {"uv": [0, 10, 1, 12], "rotation": 90, "texture": "#0"},
				"south": {"uv": [0, 11, 1, 12], "texture": "#0"},
				"west": {"uv": [0, 10, 1, 12], "rotation": 270, "texture": "#0"},
				"up": {"uv": [0, 10, 1, 12], "texture": "#0"},
				"down": {"uv": [0, 10, 1, 12], "texture": "#0"}
			}
		},
		{
			"from": [7.825, 1.55, 6.75],
			"to": [8.175, 1.9, 8.25],
			"faces": {
				"north": {"uv": [0, 8, 3, 9], "texture": "#0"},
				"east": {"uv": [0, 8, 3, 10], "rotation": 90, "texture": "#0"},
				"south": {"uv": [0, 9, 3, 10], "texture": "#0"},
				"west": {"uv": [0, 8, 3, 10], "rotation": 270, "texture": "#0"},
				"up": {"uv": [0, 8, 3, 10], "texture": "#0"},
				"down": {"uv": [0, 8, 3, 10], "texture": "#0"}
			}
		},
		{
			"from": [7.775, 1.5, 7.95],
			"to": [8.225, 1.95, 9],
			"faces": {
				"north": {"uv": [0, 15, 1, 16], "texture": "#0"},
				"east": {"uv": [1, 10, 2, 16], "rotation": 90, "texture": "#0"},
				"south": {"uv": [1, 10, 2, 11], "texture": "#0"},
				"west": {"uv": [1, 10, 2, 16], "rotation": 270, "texture": "#0"},
				"up": {"uv": [1, 10, 2, 16], "texture": "#0"},
				"down": {"uv": [1, 16, 2, 10], "texture": "#0"}
			}
		},
		{
			"from": [7.775, 2, 9.15],
			"to": [8.225, 2.45, 9.35],
			"faces": {
				"north": {"uv": [1, 15, 2, 16], "texture": "#0"},
				"east": {"uv": [1, 16, 2, 10], "rotation": 90, "texture": "#0"},
				"south": {"uv": [0, 10, 1, 11], "texture": "#0"},
				"west": {"uv": [1, 16, 2, 10], "rotation": 270, "texture": "#0"},
				"up": {"uv": [1, 16, 2, 10], "texture": "#0"},
				"down": {"uv": [1, 16, 2, 10], "texture": "#0"}
			}
		},
		{
			"from": [7.8, 2.025, 9],
			"to": [8.2, 2.425, 9.15],
			"faces": {
				"north": {"uv": [0, 10, 1, 11], "texture": "#0"},
				"east": {"uv": [0, 10, 1, 12], "rotation": 90, "texture": "#0"},
				"south": {"uv": [0, 11, 1, 12], "texture": "#0"},
				"west": {"uv": [0, 10, 1, 12], "rotation": 270, "texture": "#0"},
				"up": {"uv": [0, 10, 1, 12], "texture": "#0"},
				"down": {"uv": [0, 10, 1, 12], "texture": "#0"}
			}
		},
		{
			"from": [7.825, 2.05, 6.75],
			"to": [8.175, 2.4, 8.25],
			"faces": {
				"north": {"uv": [0, 8, 3, 9], "texture": "#0"},
				"east": {"uv": [0, 8, 3, 10], "rotation": 90, "texture": "#0"},
				"south": {"uv": [0, 9, 3, 10], "texture": "#0"},
				"west": {"uv": [0, 8, 3, 10], "rotation": 270, "texture": "#0"},
				"up": {"uv": [0, 8, 3, 10], "texture": "#0"},
				"down": {"uv": [0, 8, 3, 10], "texture": "#0"}
			}
		},
		{
			"from": [7.775, 2, 7.95],
			"to": [8.225, 2.45, 9],
			"faces": {
				"north": {"uv": [0, 15, 1, 16], "texture": "#0"},
				"east": {"uv": [1, 10, 2, 16], "rotation": 90, "texture": "#0"},
				"south": {"uv": [1, 10, 2, 11], "texture": "#0"},
				"west": {"uv": [1, 10, 2, 16], "rotation": 270, "texture": "#0"},
				"up": {"uv": [1, 10, 2, 16], "texture": "#0"},
				"down": {"uv": [1, 16, 2, 10], "texture": "#0"}
			}
		},
		{
			"from": [7.775, 2.5, 9.15],
			"to": [8.225, 2.95, 9.35],
			"faces": {
				"north": {"uv": [1, 15, 2, 16], "texture": "#0"},
				"east": {"uv": [1, 16, 2, 10], "rotation": 90, "texture": "#0"},
				"south": {"uv": [0, 10, 1, 11], "texture": "#0"},
				"west": {"uv": [1, 16, 2, 10], "rotation": 270, "texture": "#0"},
				"up": {"uv": [1, 16, 2, 10], "texture": "#0"},
				"down": {"uv": [1, 16, 2, 10], "texture": "#0"}
			}
		},
		{
			"from": [7.8, 2.525, 9],
			"to": [8.2, 2.925, 9.15],
			"faces": {
				"north": {"uv": [0, 10, 1, 11], "texture": "#0"},
				"east": {"uv": [0, 10, 1, 12], "rotation": 90, "texture": "#0"},
				"south": {"uv": [0, 11, 1, 12], "texture": "#0"},
				"west": {"uv": [0, 10, 1, 12], "rotation": 270, "texture": "#0"},
				"up": {"uv": [0, 10, 1, 12], "texture": "#0"},
				"down": {"uv": [0, 10, 1, 12], "texture": "#0"}
			}
		},
		{
			"from": [7.825, 2.55, 6.75],
			"to": [8.175, 2.9, 8.25],
			"faces": {
				"north": {"uv": [0, 8, 3, 9], "texture": "#0"},
				"east": {"uv": [0, 8, 3, 10], "rotation": 90, "texture": "#0"},
				"south": {"uv": [0, 9, 3, 10], "texture": "#0"},
				"west": {"uv": [0, 8, 3, 10], "rotation": 270, "texture": "#0"},
				"up": {"uv": [0, 8, 3, 10], "texture": "#0"},
				"down": {"uv": [0, 8, 3, 10], "texture": "#0"}
			}
		},
		{
			"from": [7.775, 2.5, 7.95],
			"to": [8.225, 2.95, 9],
			"faces": {
				"north": {"uv": [0, 15, 1, 16], "texture": "#0"},
				"east": {"uv": [1, 10, 2, 16], "rotation": 90, "texture": "#0"},
				"south": {"uv": [1, 10, 2, 11], "texture": "#0"},
				"west": {"uv": [1, 10, 2, 16], "rotation": 270, "texture": "#0"},
				"up": {"uv": [1, 10, 2, 16], "texture": "#0"},
				"down": {"uv": [1, 16, 2, 10], "texture": "#0"}
			}
		},
		{
			"from": [7.775, 3, 9.15],
			"to": [8.225, 3.45, 9.35],
			"faces": {
				"north": {"uv": [1, 15, 2, 16], "texture": "#0"},
				"east": {"uv": [1, 16, 2, 10], "rotation": 90, "texture": "#0"},
				"south": {"uv": [0, 10, 1, 11], "texture": "#0"},
				"west": {"uv": [1, 16, 2, 10], "rotation": 270, "texture": "#0"},
				"up": {"uv": [1, 16, 2, 10], "texture": "#0"},
				"down": {"uv": [1, 16, 2, 10], "texture": "#0"}
			}
		},
		{
			"from": [7.8, 3.025, 9],
			"to": [8.2, 3.425, 9.15],
			"faces": {
				"north": {"uv": [0, 10, 1, 11], "texture": "#0"},
				"east": {"uv": [0, 10, 1, 12], "rotation": 90, "texture": "#0"},
				"south": {"uv": [0, 11, 1, 12], "texture": "#0"},
				"west": {"uv": [0, 10, 1, 12], "rotation": 270, "texture": "#0"},
				"up": {"uv": [0, 10, 1, 12], "texture": "#0"},
				"down": {"uv": [0, 10, 1, 12], "texture": "#0"}
			}
		},
		{
			"from": [7.825, 3.05, 6.75],
			"to": [8.175, 3.4, 8.25],
			"faces": {
				"north": {"uv": [0, 8, 3, 9], "texture": "#0"},
				"east": {"uv": [0, 8, 3, 10], "rotation": 90, "texture": "#0"},
				"south": {"uv": [0, 9, 3, 10], "texture": "#0"},
				"west": {"uv": [0, 8, 3, 10], "rotation": 270, "texture": "#0"},
				"up": {"uv": [0, 8, 3, 10], "texture": "#0"},
				"down": {"uv": [0, 8, 3, 10], "texture": "#0"}
			}
		},
		{
			"from": [7.775, 3, 7.95],
			"to": [8.225, 3.45, 9],
			"faces": {
				"north": {"uv": [0, 15, 1, 16], "texture": "#0"},
				"east": {"uv": [1, 10, 2, 16], "rotation": 90, "texture": "#0"},
				"south": {"uv": [1, 10, 2, 11], "texture": "#0"},
				"west": {"uv": [1, 10, 2, 16], "rotation": 270, "texture": "#0"},
				"up": {"uv": [1, 10, 2, 16], "texture": "#0"},
				"down": {"uv": [1, 16, 2, 10], "texture": "#0"}
			}
		},
		{
			"from": [7.775, 3.5, 9.15],
			"to": [8.225, 3.95, 9.35],
			"faces": {
				"north": {"uv": [1, 15, 2, 16], "texture": "#0"},
				"east": {"uv": [1, 16, 2, 10], "rotation": 90, "texture": "#0"},
				"south": {"uv": [0, 10, 1, 11], "texture": "#0"},
				"west": {"uv": [1, 16, 2, 10], "rotation": 270, "texture": "#0"},
				"up": {"uv": [1, 16, 2, 10], "texture": "#0"},
				"down": {"uv": [1, 16, 2, 10], "texture": "#0"}
			}
		},
		{
			"from": [7.8, 3.525, 9],
			"to": [8.2, 3.925, 9.15],
			"faces": {
				"north": {"uv": [0, 10, 1, 11], "texture": "#0"},
				"east": {"uv": [0, 10, 1, 12], "rotation": 90, "texture": "#0"},
				"south": {"uv": [0, 11, 1, 12], "texture": "#0"},
				"west": {"uv": [0, 10, 1, 12], "rotation": 270, "texture": "#0"},
				"up": {"uv": [0, 10, 1, 12], "texture": "#0"},
				"down": {"uv": [0, 10, 1, 12], "texture": "#0"}
			}
		},
		{
			"from": [7.825, 3.55, 6.75],
			"to": [8.175, 3.9, 8.25],
			"faces": {
				"north": {"uv": [0, 8, 3, 9], "texture": "#0"},
				"east": {"uv": [0, 8, 3, 10], "rotation": 90, "texture": "#0"},
				"south": {"uv": [0, 9, 3, 10], "texture": "#0"},
				"west": {"uv": [0, 8, 3, 10], "rotation": 270, "texture": "#0"},
				"up": {"uv": [0, 8, 3, 10], "texture": "#0"},
				"down": {"uv": [0, 8, 3, 10], "texture": "#0"}
			}
		},
		{
			"from": [7.775, 3.5, 7.95],
			"to": [8.225, 3.95, 9],
			"faces": {
				"north": {"uv": [0, 15, 1, 16], "texture": "#0"},
				"east": {"uv": [1, 10, 2, 16], "rotation": 90, "texture": "#0"},
				"south": {"uv": [1, 10, 2, 11], "texture": "#0"},
				"west": {"uv": [1, 10, 2, 16], "rotation": 270, "texture": "#0"},
				"up": {"uv": [1, 10, 2, 16], "texture": "#0"},
				"down": {"uv": [1, 16, 2, 10], "texture": "#0"}
			}
		},
		{
			"from": [7.025, 0, 5.4],
			"to": [7.475, 0.2, 5.85],
			"rotation": {"angle": 0, "axis": "x", "origin": [7, 1.225, 6.375]},
			"faces": {
				"north": {"uv": [1, 16, 2, 10], "rotation": 180, "texture": "#0"},
				"east": {"uv": [1, 16, 2, 10], "texture": "#0"},
				"south": {"uv": [1, 16, 2, 10], "texture": "#0"},
				"west": {"uv": [1, 16, 2, 10], "texture": "#0"},
				"up": {"uv": [1, 15, 2, 16], "rotation": 180, "texture": "#0"},
				"down": {"uv": [0, 10, 1, 11], "texture": "#0"}
			}
		},
		{
			"from": [7.05, 0.2, 5.425],
			"to": [7.45, 0.35, 5.825],
			"rotation": {"angle": 0, "axis": "x", "origin": [7, 1.225, 6.375]},
			"faces": {
				"north": {"uv": [0, 10, 1, 12], "rotation": 180, "texture": "#0"},
				"east": {"uv": [0, 10, 1, 12], "texture": "#0"},
				"south": {"uv": [0, 10, 1, 12], "texture": "#0"},
				"west": {"uv": [0, 10, 1, 12], "texture": "#0"},
				"up": {"uv": [0, 10, 1, 11], "rotation": 180, "texture": "#0"},
				"down": {"uv": [0, 11, 1, 12], "texture": "#0"}
			}
		},
		{
			"from": [7.075, 1.1, 5.45],
			"to": [7.425, 2.6, 5.8],
			"rotation": {"angle": 0, "axis": "x", "origin": [7, 1.225, 6.375]},
			"faces": {
				"north": {"uv": [0, 8, 3, 10], "rotation": 180, "texture": "#0"},
				"east": {"uv": [0, 8, 3, 10], "texture": "#0"},
				"south": {"uv": [0, 8, 3, 10], "texture": "#0"},
				"west": {"uv": [0, 8, 3, 10], "texture": "#0"},
				"up": {"uv": [0, 8, 3, 9], "rotation": 180, "texture": "#0"},
				"down": {"uv": [0, 9, 3, 10], "texture": "#0"}
			}
		},
		{
			"from": [7.025, 0.35, 5.4],
			"to": [7.475, 1.4, 5.85],
			"rotation": {"angle": 0, "axis": "x", "origin": [7, 1.225, 6.375]},
			"faces": {
				"north": {"uv": [1, 16, 2, 10], "rotation": 180, "texture": "#0"},
				"east": {"uv": [1, 10, 2, 16], "texture": "#0"},
				"south": {"uv": [1, 10, 2, 16], "texture": "#0"},
				"west": {"uv": [1, 10, 2, 16], "texture": "#0"},
				"up": {"uv": [0, 15, 1, 16], "rotation": 180, "texture": "#0"},
				"down": {"uv": [1, 10, 2, 11], "texture": "#0"}
			}
		},
		{
			"from": [6.525, 0, 6.9],
			"to": [6.975, 0.2, 7.35],
			"rotation": {"angle": -22.5, "axis": "z", "origin": [6.75, 0.975, 7.125]},
			"faces": {
				"north": {"uv": [1, 16, 2, 10], "rotation": 180, "texture": "#0"},
				"east": {"uv": [1, 16, 2, 10], "texture": "#0"},
				"south": {"uv": [1, 16, 2, 10], "texture": "#0"},
				"west": {"uv": [1, 16, 2, 10], "texture": "#0"},
				"up": {"uv": [1, 15, 2, 16], "rotation": 180, "texture": "#0"},
				"down": {"uv": [0, 10, 1, 11], "texture": "#0"}
			}
		},
		{
			"from": [6.55, 0.2, 6.925],
			"to": [6.95, 0.35, 7.325],
			"rotation": {"angle": -22.5, "axis": "z", "origin": [6.75, 0.975, 7.125]},
			"faces": {
				"north": {"uv": [0, 10, 1, 12], "rotation": 180, "texture": "#0"},
				"east": {"uv": [0, 10, 1, 12], "texture": "#0"},
				"south": {"uv": [0, 10, 1, 12], "texture": "#0"},
				"west": {"uv": [0, 10, 1, 12], "texture": "#0"},
				"up": {"uv": [0, 10, 1, 11], "rotation": 180, "texture": "#0"},
				"down": {"uv": [0, 11, 1, 12], "texture": "#0"}
			}
		},
		{
			"from": [6.575, 1.1, 6.95],
			"to": [6.925, 2.6, 7.3],
			"rotation": {"angle": -22.5, "axis": "z", "origin": [6.75, 0.975, 7.125]},
			"faces": {
				"north": {"uv": [0, 8, 3, 10], "rotation": 180, "texture": "#0"},
				"east": {"uv": [0, 8, 3, 10], "texture": "#0"},
				"south": {"uv": [0, 8, 3, 10], "texture": "#0"},
				"west": {"uv": [0, 8, 3, 10], "texture": "#0"},
				"up": {"uv": [0, 8, 3, 9], "rotation": 180, "texture": "#0"},
				"down": {"uv": [0, 9, 3, 10], "texture": "#0"}
			}
		},
		{
			"from": [6.525, 0.35, 6.9],
			"to": [6.975, 1.4, 7.35],
			"rotation": {"angle": -22.5, "axis": "z", "origin": [6.75, 0.975, 7.125]},
			"faces": {
				"north": {"uv": [1, 16, 2, 10], "rotation": 180, "texture": "#0"},
				"east": {"uv": [1, 10, 2, 16], "texture": "#0"},
				"south": {"uv": [1, 10, 2, 16], "texture": "#0"},
				"west": {"uv": [1, 10, 2, 16], "texture": "#0"},
				"up": {"uv": [0, 15, 1, 16], "rotation": 180, "texture": "#0"},
				"down": {"uv": [1, 10, 2, 11], "texture": "#0"}
			}
		},
		{
			"from": [6.025, 0, 6.9],
			"to": [6.475, 0.45, 7.1],
			"rotation": {"angle": -22.5, "axis": "y", "origin": [6.5, 0.225, 6.125]},
			"faces": {
				"north": {"uv": [1, 15, 2, 16], "texture": "#0"},
				"east": {"uv": [1, 16, 2, 10], "rotation": 90, "texture": "#0"},
				"south": {"uv": [0, 10, 1, 11], "texture": "#0"},
				"west": {"uv": [1, 16, 2, 10], "rotation": 270, "texture": "#0"},
				"up": {"uv": [1, 16, 2, 10], "texture": "#0"},
				"down": {"uv": [1, 16, 2, 10], "texture": "#0"}
			}
		},
		{
			"from": [6.05, 0.025, 6.75],
			"to": [6.45, 0.425, 6.9],
			"rotation": {"angle": -22.5, "axis": "y", "origin": [6.5, 0.225, 6.125]},
			"faces": {
				"north": {"uv": [0, 10, 1, 11], "texture": "#0"},
				"east": {"uv": [0, 10, 1, 12], "rotation": 90, "texture": "#0"},
				"south": {"uv": [0, 11, 1, 12], "texture": "#0"},
				"west": {"uv": [0, 10, 1, 12], "rotation": 270, "texture": "#0"},
				"up": {"uv": [0, 10, 1, 12], "texture": "#0"},
				"down": {"uv": [0, 10, 1, 12], "texture": "#0"}
			}
		},
		{
			"from": [6.075, 0.05, 4.5],
			"to": [6.425, 0.4, 6],
			"rotation": {"angle": -22.5, "axis": "y", "origin": [6.5, 0.225, 6.125]},
			"faces": {
				"north": {"uv": [0, 8, 3, 9], "texture": "#0"},
				"east": {"uv": [0, 8, 3, 10], "rotation": 90, "texture": "#0"},
				"south": {"uv": [0, 9, 3, 10], "texture": "#0"},
				"west": {"uv": [0, 8, 3, 10], "rotation": 270, "texture": "#0"},
				"up": {"uv": [0, 8, 3, 10], "texture": "#0"},
				"down": {"uv": [0, 8, 3, 10], "texture": "#0"}
			}
		},
		{
			"from": [6.025, 0, 5.7],
			"to": [6.475, 0.45, 6.75],
			"rotation": {"angle": -22.5, "axis": "y", "origin": [6.5, 0.225, 6.125]},
			"faces": {
				"north": {"uv": [0, 15, 1, 16], "texture": "#0"},
				"east": {"uv": [1, 10, 2, 16], "rotation": 90, "texture": "#0"},
				"south": {"uv": [1, 10, 2, 11], "texture": "#0"},
				"west": {"uv": [1, 10, 2, 16], "rotation": 270, "texture": "#0"},
				"up": {"uv": [1, 10, 2, 16], "texture": "#0"},
				"down": {"uv": [1, 16, 2, 10], "texture": "#0"}
			}
		}
	],
	"gui_light": "front",
	"display": {
		"thirdperson_righthand": {
			"translation": [0, 3.5, 0],
			"scale": [0.8, 0.8, 0.8]
		},
		"thirdperson_lefthand": {
			"translation": [0, 3.5, 0],
			"scale": [0.8, 0.8, 0.8]
		},
		"firstperson_righthand": {
			"translation": [-2, 9.5, 2]
		},
		"firstperson_lefthand": {
			"translation": [-2, 9.5, 2]
		},
		"ground": {
			"translation": [0, 6, 0]
		},
		"gui": {
			"rotation": [90, 90, -90],
			"translation": [0, 13.5, 0],
			"scale": [2.5, 2.5, 2.5]
		},
		"fixed": {
			"rotation": [0, -90, 0],
			"translation": [0, 11, -1],
			"scale": [2, 2, 2]
		}
	},
	"groups": [
		0,
		1,
		2,
		3,
		4,
		5,
		6,
		{
			"name": "group",
			"origin": [0, 0, 0],
			"color": 0,
			"children": [7, 8, 9, 10]
		},
		{
			"name": "group",
			"origin": [0, 0, 0],
			"color": 0,
			"children": [11, 12, 13, 14]
		},
		{
			"name": "group",
			"origin": [0, 0, 0],
			"color": 0,
			"children": [15, 16, 17, 18]
		},
		{
			"name": "group",
			"origin": [0, 0, 0],
			"color": 0,
			"children": [19, 20, 21, 22]
		},
		{
			"name": "group",
			"origin": [0, 0, 0],
			"color": 0,
			"children": [23, 24, 25, 26]
		},
		{
			"name": "group",
			"origin": [0, 0, 0],
			"color": 0,
			"children": [27, 28, 29, 30]
		},
		{
			"name": "group",
			"origin": [0, 0, 0],
			"color": 0,
			"children": [31, 32, 33, 34]
		},
		{
			"name": "group",
			"origin": [0, 0, 0],
			"color": 0,
			"children": [35, 36, 37, 38]
		},
		{
			"name": "group",
			"origin": [0, 0, 0],
			"color": 0,
			"children": [39, 40, 41, 42]
		}
	]
}